Assessment ID,Species or Taxon,Common Names,Year Assessed,Countries,Publication,Criteria system,Status,Publication citation,Scope
94057,"Areilulus circumdatus (Temminck, 1840)",Black-gilded Pipistrelle,2002,Nepal,Status of South Asian Chiroptera: Conservation Assessment and Management Plan (C.A.M.P.) Workshop Report,IUCN,"Near Threatened
NT","Molur, S., G. Marimuthu, C. Srinivasulu, S. Mistry, A.M. Hutson, P.J.J. Bates, S. Walker, K. Padma Priya and A.R. Binu Priya, editors. 2002. Status of South Asian Chiroptera: Conservation Assessment and Management Plan (C.A.M.P.) Workshop Report. Zoo Outreach Organisation, CBSG South Asia and WILD, Coimbatore, India.",National
94055,"Areilulus circumdatus (Temminck, 1840)",Black-gilded Pipistrelle,2002,"Nepal, India, Pakistan, Myanmar, Viet Nam, Thailand, Indonesia, Philippines (the), Singapore",Status of South Asian Chiroptera: Conservation Assessment and Management Plan (C.A.M.P.) Workshop Report,IUCN,"Least Concern
LC","Molur, S., G. Marimuthu, C. Srinivasulu, S. Mistry, A.M. Hutson, P.J.J. Bates, S. Walker, K. Padma Priya and A.R. Binu Priya, editors. 2002. Status of South Asian Chiroptera: Conservation Assessment and Management Plan (C.A.M.P.) Workshop Report. Zoo Outreach Organisation, CBSG South Asia and WILD, Coimbatore, India.",Regional (multi-national)
94058,"Asellia tridens (E. Geoffroy, 1813)",Trident Bat,2002,"Nepal, India, Pakistan, Myanmar, Viet Nam, Thailand, Indonesia, Philippines (the), Singapore",Status of South Asian Chiroptera: Conservation Assessment and Management Plan (C.A.M.P.) Workshop Report,IUCN,"Not Evaluated
NE","Molur, S., G. Marimuthu, C. Srinivasulu, S. Mistry, A.M. Hutson, P.J.J. Bates, S. Walker, K. Padma Priya and A.R. Binu Priya, editors. 2002. Status of South Asian Chiroptera: Conservation Assessment and Management Plan (C.A.M.P.) Workshop Report. Zoo Outreach Organisation, CBSG South Asia and WILD, Coimbatore, India.",Regional (multi-national)
94062,"Barbastella leucomelas (Cretzschmar, 1830)",Eastern Barbastelle,2002,Nepal,Status of South Asian Chiroptera: Conservation Assessment and Management Plan (C.A.M.P.) Workshop Report,IUCN,"Near Threatened
NT","Molur, S., G. Marimuthu, C. Srinivasulu, S. Mistry, A.M. Hutson, P.J.J. Bates, S. Walker, K. Padma Priya and A.R. Binu Priya, editors. 2002. Status of South Asian Chiroptera: Conservation Assessment and Management Plan (C.A.M.P.) Workshop Report. Zoo Outreach Organisation, CBSG South Asia and WILD, Coimbatore, India.",National
94059,"Barbastella leucomelas (Cretzschmar, 1830)",Eastern Barbastelle,2002,"Nepal, India, Pakistan, Myanmar, Viet Nam, Thailand, Indonesia, Philippines (the), Singapore",Status of South Asian Chiroptera: Conservation Assessment and Management Plan (C.A.M.P.) Workshop Report,IUCN,"Near Threatened
NT","Molur, S., G. Marimuthu, C. Srinivasulu, S. Mistry, A.M. Hutson, P.J.J. Bates, S. Walker, K. Padma Priya and A.R. Binu Priya, editors. 2002. Status of South Asian Chiroptera: Conservation Assessment and Management Plan (C.A.M.P.) Workshop Report. Zoo Outreach Organisation, CBSG South Asia and WILD, Coimbatore, India.",Regional (multi-national)
94064,"Coelops frithii Blyth, 1848",Bengali: Lejhin Patanak Chamchika English: Tail-less Leaf-nosed Bat,2002,"Nepal, India, Pakistan, Myanmar, Viet Nam, Thailand, Indonesia, Philippines (the), Singapore",Status of South Asian Chiroptera: Conservation Assessment and Management Plan (C.A.M.P.) Workshop Report,IUCN,"Near Threatened
NT","Molur, S., G. Marimuthu, C. Srinivasulu, S. Mistry, A.M. Hutson, P.J.J. Bates, S. Walker, K. Padma Priya and A.R. Binu Priya, editors. 2002. Status of South Asian Chiroptera: Conservation Assessment and Management Plan (C.A.M.P.) Workshop Report. Zoo Outreach Organisation, CBSG South Asia and WILD, Coimbatore, India.",Regional (multi-national)
94076,"Cynopterus brachyotis (Müller, 1838)",Lesser Dog-faced Fruit Bat,2002,"Nepal, India, Pakistan, Myanmar, Viet Nam, Thailand, Indonesia, Philippines (the), Singapore",Status of South Asian Chiroptera: Conservation Assessment and Management Plan (C.A.M.P.) Workshop Report,IUCN,"Least Concern
LC","Molur, S., G. Marimuthu, C. Srinivasulu, S. Mistry, A.M. Hutson, P.J.J. Bates, S. Walker, K. Padma Priya and A.R. Binu Priya, editors. 2002. Status of South Asian Chiroptera: Conservation Assessment and Management Plan (C.A.M.P.) Workshop Report. Zoo Outreach Organisation, CBSG South Asia and WILD, Coimbatore, India.",Regional (multi-national)
94068,"Cynopterus sphinx (Vahl, 1797)",Bengali Bucha-nak Kola Badur; English Short-nosed (Indian) Fruit Bat,2002,"Nepal, India, Pakistan, Myanmar, Viet Nam, Thailand, Indonesia, Philippines (the), Singapore",Status of South Asian Chiroptera: Conservation Assessment and Management Plan (C.A.M.P.) Workshop Report,IUCN,"Least Concern
LC","Molur, S., G. Marimuthu, C. Srinivasulu, S. Mistry, A.M. Hutson, P.J.J. Bates, S. Walker, K. Padma Priya and A.R. Binu Priya, editors. 2002. Status of South Asian Chiroptera: Conservation Assessment and Management Plan (C.A.M.P.) Workshop Report. Zoo Outreach Organisation, CBSG South Asia and WILD, Coimbatore, India.",Regional (multi-national)
94074,"Cynopterus sphinx (Vahl, 1797)",Bengali Bucha-nak Kola Badur; English Short-nosed (Indian) Fruit Bat,2002,Nepal,Status of South Asian Chiroptera: Conservation Assessment and Management Plan (C.A.M.P.) Workshop Report,IUCN,"Least Concern
LC","Molur, S., G. Marimuthu, C. Srinivasulu, S. Mistry, A.M. Hutson, P.J.J. Bates, S. Walker, K. Padma Priya and A.R. Binu Priya, editors. 2002. Status of South Asian Chiroptera: Conservation Assessment and Management Plan (C.A.M.P.) Workshop Report. Zoo Outreach Organisation, CBSG South Asia and WILD, Coimbatore, India.",National
94079,"Eonycteris spelaea (Dobson, 1871)",Dawn (Cave) Fruit Bat,2002,"Nepal, India, Pakistan, Myanmar, Viet Nam, Thailand, Indonesia, Philippines (the), Singapore",Status of South Asian Chiroptera: Conservation Assessment and Management Plan (C.A.M.P.) Workshop Report,IUCN,"Least Concern
LC","Molur, S., G. Marimuthu, C. Srinivasulu, S. Mistry, A.M. Hutson, P.J.J. Bates, S. Walker, K. Padma Priya and A.R. Binu Priya, editors. 2002. Status of South Asian Chiroptera: Conservation Assessment and Management Plan (C.A.M.P.) Workshop Report. Zoo Outreach Organisation, CBSG South Asia and WILD, Coimbatore, India.",Regional (multi-national)
94093,"Eptesicus bottae (Peters, 1869)",Botta's Serotine,2002,"Nepal, India, Pakistan, Myanmar, Viet Nam, Thailand, Indonesia, Philippines (the), Singapore",Status of South Asian Chiroptera: Conservation Assessment and Management Plan (C.A.M.P.) Workshop Report,IUCN,"Data Deficient
DD","Molur, S., G. Marimuthu, C. Srinivasulu, S. Mistry, A.M. Hutson, P.J.J. Bates, S. Walker, K. Padma Priya and A.R. Binu Priya, editors. 2002. Status of South Asian Chiroptera: Conservation Assessment and Management Plan (C.A.M.P.) Workshop Report. Zoo Outreach Organisation, CBSG South Asia and WILD, Coimbatore, India.",Regional (multi-national)
94089,"Eptesicus gobiensis Bobrinskii, 1926",Bobrinskii's serotine,2002,"Nepal, India, Pakistan, Myanmar, Viet Nam, Thailand, Indonesia, Philippines (the), Singapore",Status of South Asian Chiroptera: Conservation Assessment and Management Plan (C.A.M.P.) Workshop Report,IUCN,"Data Deficient
DD","Molur, S., G. Marimuthu, C. Srinivasulu, S. Mistry, A.M. Hutson, P.J.J. Bates, S. Walker, K. Padma Priya and A.R. Binu Priya, editors. 2002. Status of South Asian Chiroptera: Conservation Assessment and Management Plan (C.A.M.P.) Workshop Report. Zoo Outreach Organisation, CBSG South Asia and WILD, Coimbatore, India.",Regional (multi-national)
94091,"Eptesicus gobiensis Bobrinskii, 1926",Bobrinskii's serotine,2002,Nepal,Status of South Asian Chiroptera: Conservation Assessment and Management Plan (C.A.M.P.) Workshop Report,IUCN,"Data Deficient
DD","Molur, S., G. Marimuthu, C. Srinivasulu, S. Mistry, A.M. Hutson, P.J.J. Bates, S. Walker, K. Padma Priya and A.R. Binu Priya, editors. 2002. Status of South Asian Chiroptera: Conservation Assessment and Management Plan (C.A.M.P.) Workshop Report. Zoo Outreach Organisation, CBSG South Asia and WILD, Coimbatore, India.",National
94082,"Eptesicus nasutus (Dobson, 1877)",Sind Serotine Bat,2002,"Nepal, India, Pakistan, Myanmar, Viet Nam, Thailand, Indonesia, Philippines (the), Singapore",Status of South Asian Chiroptera: Conservation Assessment and Management Plan (C.A.M.P.) Workshop Report,IUCN,"Data Deficient
DD","Molur, S., G. Marimuthu, C. Srinivasulu, S. Mistry, A.M. Hutson, P.J.J. Bates, S. Walker, K. Padma Priya and A.R. Binu Priya, editors. 2002. Status of South Asian Chiroptera: Conservation Assessment and Management Plan (C.A.M.P.) Workshop Report. Zoo Outreach Organisation, CBSG South Asia and WILD, Coimbatore, India.",Regional (multi-national)
94085,"Eptesicus pachyotis (Dobson, 1871)",Bengali: Motakanwala Chamchika English: Thick-eared Bat,2002,"Nepal, India, Pakistan, Myanmar, Viet Nam, Thailand, Indonesia, Philippines (the), Singapore",Status of South Asian Chiroptera: Conservation Assessment and Management Plan (C.A.M.P.) Workshop Report,IUCN,"Data Deficient
DD","Molur, S., G. Marimuthu, C. Srinivasulu, S. Mistry, A.M. Hutson, P.J.J. Bates, S. Walker, K. Padma Priya and A.R. Binu Priya, editors. 2002. Status of South Asian Chiroptera: Conservation Assessment and Management Plan (C.A.M.P.) Workshop Report. Zoo Outreach Organisation, CBSG South Asia and WILD, Coimbatore, India.",Regional (multi-national)
94096,"Eptesicus serotinus (Schreber, 1774)",Serotine Thick-eared Bat,2002,"Nepal, India, Pakistan, Myanmar, Viet Nam, Thailand, Indonesia, Philippines (the), Singapore",Status of South Asian Chiroptera: Conservation Assessment and Management Plan (C.A.M.P.) Workshop Report,IUCN,"Near Threatened
NT","Molur, S., G. Marimuthu, C. Srinivasulu, S. Mistry, A.M. Hutson, P.J.J. Bates, S. Walker, K. Padma Priya and A.R. Binu Priya, editors. 2002. Status of South Asian Chiroptera: Conservation Assessment and Management Plan (C.A.M.P.) Workshop Report. Zoo Outreach Organisation, CBSG South Asia and WILD, Coimbatore, India.",Regional (multi-national)
94099,"Eptesicus serotinus (Schreber, 1774)",Serotine Thick-eared Bat,2002,Nepal,Status of South Asian Chiroptera: Conservation Assessment and Management Plan (C.A.M.P.) Workshop Report,IUCN,"Near Threatened
NT","Molur, S., G. Marimuthu, C. Srinivasulu, S. Mistry, A.M. Hutson, P.J.J. Bates, S. Walker, K. Padma Priya and A.R. Binu Priya, editors. 2002. Status of South Asian Chiroptera: Conservation Assessment and Management Plan (C.A.M.P.) Workshop Report. Zoo Outreach Organisation, CBSG South Asia and WILD, Coimbatore, India.",National
94101,"Harpiocephalus harpia (Temminck, 1840)",Hairy-winged Bat,2002,"Nepal, India, Pakistan, Myanmar, Viet Nam, Thailand, Indonesia, Philippines (the), Singapore",Status of South Asian Chiroptera: Conservation Assessment and Management Plan (C.A.M.P.) Workshop Report,IUCN,"Near Threatened
NT","Molur, S., G. Marimuthu, C. Srinivasulu, S. Mistry, A.M. Hutson, P.J.J. Bates, S. Walker, K. Padma Priya and A.R. Binu Priya, editors. 2002. Status of South Asian Chiroptera: Conservation Assessment and Management Plan (C.A.M.P.) Workshop Report. Zoo Outreach Organisation, CBSG South Asia and WILD, Coimbatore, India.",Regional (multi-national)
94105,"Hesperoptenus tickelli (Blyth, 1851)",Assamese: Chunga baduli English: Tickell's Bat,2002,"Nepal, India, Pakistan, Myanmar, Viet Nam, Thailand, Indonesia, Philippines (the), Singapore",Status of South Asian Chiroptera: Conservation Assessment and Management Plan (C.A.M.P.) Workshop Report,IUCN,"Least Concern
LC","Molur, S., G. Marimuthu, C. Srinivasulu, S. Mistry, A.M. Hutson, P.J.J. Bates, S. Walker, K. Padma Priya and A.R. Binu Priya, editors. 2002. Status of South Asian Chiroptera: Conservation Assessment and Management Plan (C.A.M.P.) Workshop Report. Zoo Outreach Organisation, CBSG South Asia and WILD, Coimbatore, India.",Regional (multi-national)
94109,"Hesperoptenus tickelli (Blyth, 1851)",Assamese: Chunga baduli English: Tickell's Bat,2002,Nepal,Status of South Asian Chiroptera: Conservation Assessment and Management Plan (C.A.M.P.) Workshop Report,IUCN,"Data Deficient
DD","Molur, S., G. Marimuthu, C. Srinivasulu, S. Mistry, A.M. Hutson, P.J.J. Bates, S. Walker, K. Padma Priya and A.R. Binu Priya, editors. 2002. Status of South Asian Chiroptera: Conservation Assessment and Management Plan (C.A.M.P.) Workshop Report. Zoo Outreach Organisation, CBSG South Asia and WILD, Coimbatore, India.",National
94134,"Hipposideros armiger (Hodgson, 1835)",Great Himalayan Leaf-nosed Bat,2002,"Nepal, India, Pakistan, Myanmar, Viet Nam, Thailand, Indonesia, Philippines (the), Singapore",Status of South Asian Chiroptera: Conservation Assessment and Management Plan (C.A.M.P.) Workshop Report,IUCN,"Least Concern
LC","Molur, S., G. Marimuthu, C. Srinivasulu, S. Mistry, A.M. Hutson, P.J.J. Bates, S. Walker, K. Padma Priya and A.R. Binu Priya, editors. 2002. Status of South Asian Chiroptera: Conservation Assessment and Management Plan (C.A.M.P.) Workshop Report. Zoo Outreach Organisation, CBSG South Asia and WILD, Coimbatore, India.",Regional (multi-national)
94137,"Hipposideros armiger (Hodgson, 1835)",Great Himalayan Leaf-nosed Bat,2002,Nepal,Status of South Asian Chiroptera: Conservation Assessment and Management Plan (C.A.M.P.) Workshop Report,IUCN,"Least Concern
LC","Molur, S., G. Marimuthu, C. Srinivasulu, S. Mistry, A.M. Hutson, P.J.J. Bates, S. Walker, K. Padma Priya and A.R. Binu Priya, editors. 2002. Status of South Asian Chiroptera: Conservation Assessment and Management Plan (C.A.M.P.) Workshop Report. Zoo Outreach Organisation, CBSG South Asia and WILD, Coimbatore, India.",National
94143,"Hipposideros ater Templeton, 1848","Sinhalese: Dwiwarna pathra nas wawalu English: Bi coloured Leaf-nosed Bat, Dusky Leaf-nosed Bat",2002,"Nepal, India, Pakistan, Myanmar, Viet Nam, Thailand, Indonesia, Philippines (the), Singapore",Status of South Asian Chiroptera: Conservation Assessment and Management Plan (C.A.M.P.) Workshop Report,IUCN,"Least Concern
LC","Molur, S., G. Marimuthu, C. Srinivasulu, S. Mistry, A.M. Hutson, P.J.J. Bates, S. Walker, K. Padma Priya and A.R. Binu Priya, editors. 2002. Status of South Asian Chiroptera: Conservation Assessment and Management Plan (C.A.M.P.) Workshop Report. Zoo Outreach Organisation, CBSG South Asia and WILD, Coimbatore, India.",Regional (multi-national)
94146,"Hipposideros cineraceus Blyth, 1853",Least Leaf-nosed Bat,2002,"Nepal, India, Pakistan, Myanmar, Viet Nam, Thailand, Indonesia, Philippines (the), Singapore",Status of South Asian Chiroptera: Conservation Assessment and Management Plan (C.A.M.P.) Workshop Report,IUCN,"Near Threatened
NT","Molur, S., G. Marimuthu, C. Srinivasulu, S. Mistry, A.M. Hutson, P.J.J. Bates, S. Walker, K. Padma Priya and A.R. Binu Priya, editors. 2002. Status of South Asian Chiroptera: Conservation Assessment and Management Plan (C.A.M.P.) Workshop Report. Zoo Outreach Organisation, CBSG South Asia and WILD, Coimbatore, India.",Regional (multi-national)
94149,"Hipposideros cineraceus Blyth, 1853",Least Leaf-nosed Bat,2002,Nepal,Status of South Asian Chiroptera: Conservation Assessment and Management Plan (C.A.M.P.) Workshop Report,IUCN,"Near Threatened
NT","Molur, S., G. Marimuthu, C. Srinivasulu, S. Mistry, A.M. Hutson, P.J.J. Bates, S. Walker, K. Padma Priya and A.R. Binu Priya, editors. 2002. Status of South Asian Chiroptera: Conservation Assessment and Management Plan (C.A.M.P.) Workshop Report. Zoo Outreach Organisation, CBSG South Asia and WILD, Coimbatore, India.",National
94138,"Hipposideros fulvus Gray, 1838",Fulvous Leaf-nosed Bat,2002,"Nepal, India, Pakistan, Myanmar, Viet Nam, Thailand, Indonesia, Philippines (the), Singapore",Status of South Asian Chiroptera: Conservation Assessment and Management Plan (C.A.M.P.) Workshop Report,IUCN,"Least Concern
LC","Molur, S., G. Marimuthu, C. Srinivasulu, S. Mistry, A.M. Hutson, P.J.J. Bates, S. Walker, K. Padma Priya and A.R. Binu Priya, editors. 2002. Status of South Asian Chiroptera: Conservation Assessment and Management Plan (C.A.M.P.) Workshop Report. Zoo Outreach Organisation, CBSG South Asia and WILD, Coimbatore, India.",Regional (multi-national)
94140,"Hipposideros fulvus Gray, 1838",Fulvous Leaf-nosed Bat,2002,Nepal,Status of South Asian Chiroptera: Conservation Assessment and Management Plan (C.A.M.P.) Workshop Report,IUCN,"Least Concern
LC","Molur, S., G. Marimuthu, C. Srinivasulu, S. Mistry, A.M. Hutson, P.J.J. Bates, S. Walker, K. Padma Priya and A.R. Binu Priya, editors. 2002. Status of South Asian Chiroptera: Conservation Assessment and Management Plan (C.A.M.P.) Workshop Report. Zoo Outreach Organisation, CBSG South Asia and WILD, Coimbatore, India.",National
94111,"Hipposideros galeritus Cantor, 1846",Bengali: Cantora Patanak Chamchika; English: Cantor's Leaf-nosed Bat,2002,"Nepal, India, Pakistan, Myanmar, Viet Nam, Thailand, Indonesia, Philippines (the), Singapore",Status of South Asian Chiroptera: Conservation Assessment and Management Plan (C.A.M.P.) Workshop Report,IUCN,"Near Threatened
NT","Molur, S., G. Marimuthu, C. Srinivasulu, S. Mistry, A.M. Hutson, P.J.J. Bates, S. Walker, K. Padma Priya and A.R. Binu Priya, editors. 2002. Status of South Asian Chiroptera: Conservation Assessment and Management Plan (C.A.M.P.) Workshop Report. Zoo Outreach Organisation, CBSG South Asia and WILD, Coimbatore, India.",Regional (multi-national)
94124,"Hipposideros lankadiva Kelaart, 1850","Bengali: Guhabashi Patanak Chamchika; Sinhalese: Kelaarta Pathra-nas Wavula English: Kelaart's Leaf-nosed Bat, Large Ceylon Leaf-nosed Bat.",2002,"Nepal, India, Pakistan, Myanmar, Viet Nam, Thailand, Indonesia, Philippines (the), Singapore",Status of South Asian Chiroptera: Conservation Assessment and Management Plan (C.A.M.P.) Workshop Report,IUCN,"Least Concern
LC","Molur, S., G. Marimuthu, C. Srinivasulu, S. Mistry, A.M. Hutson, P.J.J. Bates, S. Walker, K. Padma Priya and A.R. Binu Priya, editors. 2002. Status of South Asian Chiroptera: Conservation Assessment and Management Plan (C.A.M.P.) Workshop Report. Zoo Outreach Organisation, CBSG South Asia and WILD, Coimbatore, India.",Regional (multi-national)
94115,"Hipposideros larvatus (Horsfield, 1823)",Bengali: Majhari Patanak Chamchika; English: Horsfield's Leaf-nosed Bat,2002,"Nepal, India, Pakistan, Myanmar, Viet Nam, Thailand, Indonesia, Philippines (the), Singapore",Status of South Asian Chiroptera: Conservation Assessment and Management Plan (C.A.M.P.) Workshop Report,IUCN,"Near Threatened
NT","Molur, S., G. Marimuthu, C. Srinivasulu, S. Mistry, A.M. Hutson, P.J.J. Bates, S. Walker, K. Padma Priya and A.R. Binu Priya, editors. 2002. Status of South Asian Chiroptera: Conservation Assessment and Management Plan (C.A.M.P.) Workshop Report. Zoo Outreach Organisation, CBSG South Asia and WILD, Coimbatore, India.",Regional (multi-national)
94129,"Hipposideros pomona K. Andersen, 1918",Andersen's Leaf-nosed Bat,2002,"Nepal, India, Pakistan, Myanmar, Viet Nam, Thailand, Indonesia, Philippines (the), Singapore",Status of South Asian Chiroptera: Conservation Assessment and Management Plan (C.A.M.P.) Workshop Report,IUCN,"Least Concern
LC","Molur, S., G. Marimuthu, C. Srinivasulu, S. Mistry, A.M. Hutson, P.J.J. Bates, S. Walker, K. Padma Priya and A.R. Binu Priya, editors. 2002. Status of South Asian Chiroptera: Conservation Assessment and Management Plan (C.A.M.P.) Workshop Report. Zoo Outreach Organisation, CBSG South Asia and WILD, Coimbatore, India.",Regional (multi-national)
94132,"Hipposideros pomona K. Andersen, 1918",Andersen's Leaf-nosed Bat,2002,Nepal,Status of South Asian Chiroptera: Conservation Assessment and Management Plan (C.A.M.P.) Workshop Report,IUCN,"Near Threatened
NT","Molur, S., G. Marimuthu, C. Srinivasulu, S. Mistry, A.M. Hutson, P.J.J. Bates, S. Walker, K. Padma Priya and A.R. Binu Priya, editors. 2002. Status of South Asian Chiroptera: Conservation Assessment and Management Plan (C.A.M.P.) Workshop Report. Zoo Outreach Organisation, CBSG South Asia and WILD, Coimbatore, India.",National
94121,"Hipposideros speoris (Schneider, 1800)",Marathi: Paboli English: Schneider's Leaf-nosed Bat,2002,"Nepal, India, Pakistan, Myanmar, Viet Nam, Thailand, Indonesia, Philippines (the), Singapore",Status of South Asian Chiroptera: Conservation Assessment and Management Plan (C.A.M.P.) Workshop Report,IUCN,"Least Concern
LC","Molur, S., G. Marimuthu, C. Srinivasulu, S. Mistry, A.M. Hutson, P.J.J. Bates, S. Walker, K. Padma Priya and A.R. Binu Priya, editors. 2002. Status of South Asian Chiroptera: Conservation Assessment and Management Plan (C.A.M.P.) Workshop Report. Zoo Outreach Organisation, CBSG South Asia and WILD, Coimbatore, India.",Regional (multi-national)
94151,"Ia io Thomas, 1902",Great Evening Bat,2002,"Nepal, India, Pakistan, Myanmar, Viet Nam, Thailand, Indonesia, Philippines (the), Singapore",Status of South Asian Chiroptera: Conservation Assessment and Management Plan (C.A.M.P.) Workshop Report,IUCN,"Endangered
EN","Molur, S., G. Marimuthu, C. Srinivasulu, S. Mistry, A.M. Hutson, P.J.J. Bates, S. Walker, K. Padma Priya and A.R. Binu Priya, editors. 2002. Status of South Asian Chiroptera: Conservation Assessment and Management Plan (C.A.M.P.) Workshop Report. Zoo Outreach Organisation, CBSG South Asia and WILD, Coimbatore, India.",Regional (multi-national)
94153,"Ia io Thomas, 1902",Great Evening Bat,2002,Nepal,Status of South Asian Chiroptera: Conservation Assessment and Management Plan (C.A.M.P.) Workshop Report,IUCN,"Critically Endangered
CR","Molur, S., G. Marimuthu, C. Srinivasulu, S. Mistry, A.M. Hutson, P.J.J. Bates, S. Walker, K. Padma Priya and A.R. Binu Priya, editors. 2002. Status of South Asian Chiroptera: Conservation Assessment and Management Plan (C.A.M.P.) Workshop Report. Zoo Outreach Organisation, CBSG South Asia and WILD, Coimbatore, India.",National
94163,"Kerivoula hardwickii (Horsfield, 1824)",Hardwicke's Forest Bat,2002,"Nepal, India, Pakistan, Myanmar, Viet Nam, Thailand, Indonesia, Philippines (the), Singapore",Status of South Asian Chiroptera: Conservation Assessment and Management Plan (C.A.M.P.) Workshop Report,IUCN,"Least Concern
LC","Molur, S., G. Marimuthu, C. Srinivasulu, S. Mistry, A.M. Hutson, P.J.J. Bates, S. Walker, K. Padma Priya and A.R. Binu Priya, editors. 2002. Status of South Asian Chiroptera: Conservation Assessment and Management Plan (C.A.M.P.) Workshop Report. Zoo Outreach Organisation, CBSG South Asia and WILD, Coimbatore, India.",Regional (multi-national)
94160,"Kerivoula papillosa (Temminck, 1840)",Bengali: Jhalarjukta Rongila Chamchika English: Papillose Bat,2002,"Nepal, India, Pakistan, Myanmar, Viet Nam, Thailand, Indonesia, Philippines (the), Singapore",Status of South Asian Chiroptera: Conservation Assessment and Management Plan (C.A.M.P.) Workshop Report,IUCN,"Near Threatened
NT","Molur, S., G. Marimuthu, C. Srinivasulu, S. Mistry, A.M. Hutson, P.J.J. Bates, S. Walker, K. Padma Priya and A.R. Binu Priya, editors. 2002. Status of South Asian Chiroptera: Conservation Assessment and Management Plan (C.A.M.P.) Workshop Report. Zoo Outreach Organisation, CBSG South Asia and WILD, Coimbatore, India.",Regional (multi-national)
94154,"Kerivoula picta (Pallas, 1767)",Bengali: Komola-badami Chamchika; English: Painted Bat,2002,"Nepal, India, Pakistan, Myanmar, Viet Nam, Thailand, Indonesia, Philippines (the), Singapore",Status of South Asian Chiroptera: Conservation Assessment and Management Plan (C.A.M.P.) Workshop Report,IUCN,"Least Concern
LC","Molur, S., G. Marimuthu, C. Srinivasulu, S. Mistry, A.M. Hutson, P.J.J. Bates, S. Walker, K. Padma Priya and A.R. Binu Priya, editors. 2002. Status of South Asian Chiroptera: Conservation Assessment and Management Plan (C.A.M.P.) Workshop Report. Zoo Outreach Organisation, CBSG South Asia and WILD, Coimbatore, India.",Regional (multi-national)
94157,"Kerivoula picta (Pallas, 1767)",Bengali: Komola-badami Chamchika; English: Painted Bat,2002,Nepal,Status of South Asian Chiroptera: Conservation Assessment and Management Plan (C.A.M.P.) Workshop Report,IUCN,"Least Concern
LC","Molur, S., G. Marimuthu, C. Srinivasulu, S. Mistry, A.M. Hutson, P.J.J. Bates, S. Walker, K. Padma Priya and A.R. Binu Priya, editors. 2002. Status of South Asian Chiroptera: Conservation Assessment and Management Plan (C.A.M.P.) Workshop Report. Zoo Outreach Organisation, CBSG South Asia and WILD, Coimbatore, India.",National
94169,"Macroglossus sobrinus K. Andersen, 1911",Hill Long-tongued Fruit Bat,2002,"Nepal, India, Pakistan, Myanmar, Viet Nam, Thailand, Indonesia, Philippines (the), Singapore",Status of South Asian Chiroptera: Conservation Assessment and Management Plan (C.A.M.P.) Workshop Report,IUCN,"Near Threatened
NT","Molur, S., G. Marimuthu, C. Srinivasulu, S. Mistry, A.M. Hutson, P.J.J. Bates, S. Walker, K. Padma Priya and A.R. Binu Priya, editors. 2002. Status of South Asian Chiroptera: Conservation Assessment and Management Plan (C.A.M.P.) Workshop Report. Zoo Outreach Organisation, CBSG South Asia and WILD, Coimbatore, India.",Regional (multi-national)
94172,"Megaderma lyra E. Geoffroy, 1810","Bengali: Daini Badur Sinhalese: Indianu Borule Wavula Tamil: Muyalkadu vaval English: Greater False Vampire Bat, Indian False Vampire",2002,"Nepal, India, Pakistan, Myanmar, Viet Nam, Thailand, Indonesia, Philippines (the), Singapore",Status of South Asian Chiroptera: Conservation Assessment and Management Plan (C.A.M.P.) Workshop Report,IUCN,"Least Concern
LC","Molur, S., G. Marimuthu, C. Srinivasulu, S. Mistry, A.M. Hutson, P.J.J. Bates, S. Walker, K. Padma Priya and A.R. Binu Priya, editors. 2002. Status of South Asian Chiroptera: Conservation Assessment and Management Plan (C.A.M.P.) Workshop Report. Zoo Outreach Organisation, CBSG South Asia and WILD, Coimbatore, India.",Regional (multi-national)
94176,"Megaderma lyra E. Geoffroy, 1810","Bengali: Daini Badur Sinhalese: Indianu Borule Wavula Tamil: Muyalkadu vaval English: Greater False Vampire Bat, Indian False Vampire",2002,Nepal,Status of South Asian Chiroptera: Conservation Assessment and Management Plan (C.A.M.P.) Workshop Report,IUCN,"Least Concern
LC","Molur, S., G. Marimuthu, C. Srinivasulu, S. Mistry, A.M. Hutson, P.J.J. Bates, S. Walker, K. Padma Priya and A.R. Binu Priya, editors. 2002. Status of South Asian Chiroptera: Conservation Assessment and Management Plan (C.A.M.P.) Workshop Report. Zoo Outreach Organisation, CBSG South Asia and WILD, Coimbatore, India.",National
94180,"Megaderma spasma (Linnaeus, 1758)","Bengali: Chhoto Daini Badur Sinhalese: Sri Lanka Boru Le Wavula English: Lesser False Vampire Bat, Sri Lankan False Vampire Bat",2002,"Nepal, India, Pakistan, Myanmar, Viet Nam, Thailand, Indonesia, Philippines (the), Singapore",Status of South Asian Chiroptera: Conservation Assessment and Management Plan (C.A.M.P.) Workshop Report,IUCN,"Least Concern
LC","Molur, S., G. Marimuthu, C. Srinivasulu, S. Mistry, A.M. Hutson, P.J.J. Bates, S. Walker, K. Padma Priya and A.R. Binu Priya, editors. 2002. Status of South Asian Chiroptera: Conservation Assessment and Management Plan (C.A.M.P.) Workshop Report. Zoo Outreach Organisation, CBSG South Asia and WILD, Coimbatore, India.",Regional (multi-national)
94186,"Miniopterus pusillus Dobson, 1876",Nicobar Long-fingered Bat,2002,"Nepal, India, Pakistan, Myanmar, Viet Nam, Thailand, Indonesia, Philippines (the), Singapore",Status of South Asian Chiroptera: Conservation Assessment and Management Plan (C.A.M.P.) Workshop Report,IUCN,"Vulnerable
VU","Molur, S., G. Marimuthu, C. Srinivasulu, S. Mistry, A.M. Hutson, P.J.J. Bates, S. Walker, K. Padma Priya and A.R. Binu Priya, editors. 2002. Status of South Asian Chiroptera: Conservation Assessment and Management Plan (C.A.M.P.) Workshop Report. Zoo Outreach Organisation, CBSG South Asia and WILD, Coimbatore, India.",Regional (multi-national)
94189,"Miniopterus pusillus Dobson, 1876",Nicobar Long-fingered Bat,2002,Nepal,Status of South Asian Chiroptera: Conservation Assessment and Management Plan (C.A.M.P.) Workshop Report,IUCN,"Critically Endangered
CR","Molur, S., G. Marimuthu, C. Srinivasulu, S. Mistry, A.M. Hutson, P.J.J. Bates, S. Walker, K. Padma Priya and A.R. Binu Priya, editors. 2002. Status of South Asian Chiroptera: Conservation Assessment and Management Plan (C.A.M.P.) Workshop Report. Zoo Outreach Organisation, CBSG South Asia and WILD, Coimbatore, India.",National
94194,"Miniopterus schreibersii (Kuhl, 1819)","Sinhalese: Schreibersgedik-angeli wawula, English: Schreiber's Long-fingered Bat",2002,Nepal,Status of South Asian Chiroptera: Conservation Assessment and Management Plan (C.A.M.P.) Workshop Report,IUCN,"Least Concern
LC","Molur, S., G. Marimuthu, C. Srinivasulu, S. Mistry, A.M. Hutson, P.J.J. Bates, S. Walker, K. Padma Priya and A.R. Binu Priya, editors. 2002. Status of South Asian Chiroptera: Conservation Assessment and Management Plan (C.A.M.P.) Workshop Report. Zoo Outreach Organisation, CBSG South Asia and WILD, Coimbatore, India.",National
94190,"Miniopterus schreibersii (Kuhl, 1819)","Sinhalese: Schreibersgedik-angeli wawula, English: Schreiber's Long-fingered Bat",2002,"Nepal, India, Pakistan, Myanmar, Viet Nam, Thailand, Indonesia, Philippines (the), Singapore",Status of South Asian Chiroptera: Conservation Assessment and Management Plan (C.A.M.P.) Workshop Report,IUCN,"Least Concern
LC","Molur, S., G. Marimuthu, C. Srinivasulu, S. Mistry, A.M. Hutson, P.J.J. Bates, S. Walker, K. Padma Priya and A.R. Binu Priya, editors. 2002. Status of South Asian Chiroptera: Conservation Assessment and Management Plan (C.A.M.P.) Workshop Report. Zoo Outreach Organisation, CBSG South Asia and WILD, Coimbatore, India.",Regional (multi-national)
94199,"Murina aurata Milne-Edwards, 1872","Little Tube-nosed Bat, Tibetan Tube-nosed Bat",2002,Nepal,Status of South Asian Chiroptera: Conservation Assessment and Management Plan (C.A.M.P.) Workshop Report,IUCN,"Near Threatened
NT","Molur, S., G. Marimuthu, C. Srinivasulu, S. Mistry, A.M. Hutson, P.J.J. Bates, S. Walker, K. Padma Priya and A.R. Binu Priya, editors. 2002. Status of South Asian Chiroptera: Conservation Assessment and Management Plan (C.A.M.P.) Workshop Report. Zoo Outreach Organisation, CBSG South Asia and WILD, Coimbatore, India.",National
94197,"Murina aurata Milne-Edwards, 1872","Little Tube-nosed Bat, Tibetan Tube-nosed Bat",2002,"Nepal, India, Pakistan, Myanmar, Viet Nam, Thailand, Indonesia, Philippines (the), Singapore",Status of South Asian Chiroptera: Conservation Assessment and Management Plan (C.A.M.P.) Workshop Report,IUCN,"Near Threatened
NT","Molur, S., G. Marimuthu, C. Srinivasulu, S. Mistry, A.M. Hutson, P.J.J. Bates, S. Walker, K. Padma Priya and A.R. Binu Priya, editors. 2002. Status of South Asian Chiroptera: Conservation Assessment and Management Plan (C.A.M.P.) Workshop Report. Zoo Outreach Organisation, CBSG South Asia and WILD, Coimbatore, India.",Regional (multi-national)
94215,"Murina cyclotis Dobson, 1872",Round-eared Tube-nosed Bat,2002,Nepal,Status of South Asian Chiroptera: Conservation Assessment and Management Plan (C.A.M.P.) Workshop Report,IUCN,"Least Concern
LC","Molur, S., G. Marimuthu, C. Srinivasulu, S. Mistry, A.M. Hutson, P.J.J. Bates, S. Walker, K. Padma Priya and A.R. Binu Priya, editors. 2002. Status of South Asian Chiroptera: Conservation Assessment and Management Plan (C.A.M.P.) Workshop Report. Zoo Outreach Organisation, CBSG South Asia and WILD, Coimbatore, India.",National
94212,"Murina cyclotis Dobson, 1872",Round-eared Tube-nosed Bat,2002,"Nepal, India, Pakistan, Myanmar, Viet Nam, Thailand, Indonesia, Philippines (the), Singapore",Status of South Asian Chiroptera: Conservation Assessment and Management Plan (C.A.M.P.) Workshop Report,IUCN,"Least Concern
LC","Molur, S., G. Marimuthu, C. Srinivasulu, S. Mistry, A.M. Hutson, P.J.J. Bates, S. Walker, K. Padma Priya and A.R. Binu Priya, editors. 2002. Status of South Asian Chiroptera: Conservation Assessment and Management Plan (C.A.M.P.) Workshop Report. Zoo Outreach Organisation, CBSG South Asia and WILD, Coimbatore, India.",Regional (multi-national)
94203,"Murina huttonii (Peters, 1872)",Hutton's Tube-nosed Bat,2002,Nepal,Status of South Asian Chiroptera: Conservation Assessment and Management Plan (C.A.M.P.) Workshop Report,IUCN,"Data Deficient
DD","Molur, S., G. Marimuthu, C. Srinivasulu, S. Mistry, A.M. Hutson, P.J.J. Bates, S. Walker, K. Padma Priya and A.R. Binu Priya, editors. 2002. Status of South Asian Chiroptera: Conservation Assessment and Management Plan (C.A.M.P.) Workshop Report. Zoo Outreach Organisation, CBSG South Asia and WILD, Coimbatore, India.",National
94200,"Murina huttonii (Peters, 1872)",Hutton's Tube-nosed Bat,2002,"Nepal, India, Pakistan, Myanmar, Viet Nam, Thailand, Indonesia, Philippines (the), Singapore",Status of South Asian Chiroptera: Conservation Assessment and Management Plan (C.A.M.P.) Workshop Report,IUCN,"Least Concern
LC","Molur, S., G. Marimuthu, C. Srinivasulu, S. Mistry, A.M. Hutson, P.J.J. Bates, S. Walker, K. Padma Priya and A.R. Binu Priya, editors. 2002. Status of South Asian Chiroptera: Conservation Assessment and Management Plan (C.A.M.P.) Workshop Report. Zoo Outreach Organisation, CBSG South Asia and WILD, Coimbatore, India.",Regional (multi-national)
94207,"Murina leucogaster Milne-Edwards, 1872",Greater Tube-nosed Bat,2002,Nepal,Status of South Asian Chiroptera: Conservation Assessment and Management Plan (C.A.M.P.) Workshop Report,IUCN,"Vulnerable
VU","Molur, S., G. Marimuthu, C. Srinivasulu, S. Mistry, A.M. Hutson, P.J.J. Bates, S. Walker, K. Padma Priya and A.R. Binu Priya, editors. 2002. Status of South Asian Chiroptera: Conservation Assessment and Management Plan (C.A.M.P.) Workshop Report. Zoo Outreach Organisation, CBSG South Asia and WILD, Coimbatore, India.",National
94205,"Murina leucogaster Milne-Edwards, 1872",Greater Tube-nosed Bat,2002,"Nepal, India, Pakistan, Myanmar, Viet Nam, Thailand, Indonesia, Philippines (the), Singapore",Status of South Asian Chiroptera: Conservation Assessment and Management Plan (C.A.M.P.) Workshop Report,IUCN,"Near Threatened
NT","Molur, S., G. Marimuthu, C. Srinivasulu, S. Mistry, A.M. Hutson, P.J.J. Bates, S. Walker, K. Padma Priya and A.R. Binu Priya, editors. 2002. Status of South Asian Chiroptera: Conservation Assessment and Management Plan (C.A.M.P.) Workshop Report. Zoo Outreach Organisation, CBSG South Asia and WILD, Coimbatore, India.",Regional (multi-national)
94208,"Murina tubinaris (Scully, 1881)",Scully's Tube-nosed Bat,2002,"Nepal, India, Pakistan, Myanmar, Viet Nam, Thailand, Indonesia, Philippines (the), Singapore",Status of South Asian Chiroptera: Conservation Assessment and Management Plan (C.A.M.P.) Workshop Report,IUCN,"Near Threatened
NT","Molur, S., G. Marimuthu, C. Srinivasulu, S. Mistry, A.M. Hutson, P.J.J. Bates, S. Walker, K. Padma Priya and A.R. Binu Priya, editors. 2002. Status of South Asian Chiroptera: Conservation Assessment and Management Plan (C.A.M.P.) Workshop Report. Zoo Outreach Organisation, CBSG South Asia and WILD, Coimbatore, India.",Regional (multi-national)
94254,"Myotis blythii (Tomes, 1857)",Lesser Mouse-eared Bat,2002,Nepal,Status of South Asian Chiroptera: Conservation Assessment and Management Plan (C.A.M.P.) Workshop Report,IUCN,"Vulnerable
VU","Molur, S., G. Marimuthu, C. Srinivasulu, S. Mistry, A.M. Hutson, P.J.J. Bates, S. Walker, K. Padma Priya and A.R. Binu Priya, editors. 2002. Status of South Asian Chiroptera: Conservation Assessment and Management Plan (C.A.M.P.) Workshop Report. Zoo Outreach Organisation, CBSG South Asia and WILD, Coimbatore, India.",National
94251,"Myotis blythii (Tomes, 1857)",Lesser Mouse-eared Bat,2002,"Nepal, India, Pakistan, Myanmar, Viet Nam, Thailand, Indonesia, Philippines (the), Singapore",Status of South Asian Chiroptera: Conservation Assessment and Management Plan (C.A.M.P.) Workshop Report,IUCN,"Vulnerable
VU","Molur, S., G. Marimuthu, C. Srinivasulu, S. Mistry, A.M. Hutson, P.J.J. Bates, S. Walker, K. Padma Priya and A.R. Binu Priya, editors. 2002. Status of South Asian Chiroptera: Conservation Assessment and Management Plan (C.A.M.P.) Workshop Report. Zoo Outreach Organisation, CBSG South Asia and WILD, Coimbatore, India.",Regional (multi-national)
94235,"Myotis formosus (Hodgson, 1835)",Bengali: Hodgsoner Chamchika English: Hodgson's Bat,2002,Nepal,Status of South Asian Chiroptera: Conservation Assessment and Management Plan (C.A.M.P.) Workshop Report,IUCN,"Near Threatened
NT","Molur, S., G. Marimuthu, C. Srinivasulu, S. Mistry, A.M. Hutson, P.J.J. Bates, S. Walker, K. Padma Priya and A.R. Binu Priya, editors. 2002. Status of South Asian Chiroptera: Conservation Assessment and Management Plan (C.A.M.P.) Workshop Report. Zoo Outreach Organisation, CBSG South Asia and WILD, Coimbatore, India.",National
94231,"Myotis formosus (Hodgson, 1835)",Bengali: Hodgsoner Chamchika English: Hodgson's Bat,2002,"Nepal, India, Pakistan, Myanmar, Viet Nam, Thailand, Indonesia, Philippines (the), Singapore",Status of South Asian Chiroptera: Conservation Assessment and Management Plan (C.A.M.P.) Workshop Report,IUCN,"Least Concern
LC","Molur, S., G. Marimuthu, C. Srinivasulu, S. Mistry, A.M. Hutson, P.J.J. Bates, S. Walker, K. Padma Priya and A.R. Binu Priya, editors. 2002. Status of South Asian Chiroptera: Conservation Assessment and Management Plan (C.A.M.P.) Workshop Report. Zoo Outreach Organisation, CBSG South Asia and WILD, Coimbatore, India.",Regional (multi-national)
94256,"Myotis hasseltii (Temminck, 1840)","Sinhalese: Van Hassltge Dumburce Wavula English: Lesser Large-tooth Bat, The Brown Bat, Van Hasselt's Bat",2002,"Nepal, India, Pakistan, Myanmar, Viet Nam, Thailand, Indonesia, Philippines (the), Singapore",Status of South Asian Chiroptera: Conservation Assessment and Management Plan (C.A.M.P.) Workshop Report,IUCN,"Near Threatened
NT","Molur, S., G. Marimuthu, C. Srinivasulu, S. Mistry, A.M. Hutson, P.J.J. Bates, S. Walker, K. Padma Priya and A.R. Binu Priya, editors. 2002. Status of South Asian Chiroptera: Conservation Assessment and Management Plan (C.A.M.P.) Workshop Report. Zoo Outreach Organisation, CBSG South Asia and WILD, Coimbatore, India.",Regional (multi-national)
94245,"Myotis longipes (Dobson, 1873)",Kashmir Cave Bat,2002,Nepal,Status of South Asian Chiroptera: Conservation Assessment and Management Plan (C.A.M.P.) Workshop Report,IUCN,"Near Threatened
NT","Molur, S., G. Marimuthu, C. Srinivasulu, S. Mistry, A.M. Hutson, P.J.J. Bates, S. Walker, K. Padma Priya and A.R. Binu Priya, editors. 2002. Status of South Asian Chiroptera: Conservation Assessment and Management Plan (C.A.M.P.) Workshop Report. Zoo Outreach Organisation, CBSG South Asia and WILD, Coimbatore, India.",National
94241,"Myotis longipes (Dobson, 1873)",Kashmir Cave Bat,2002,"Nepal, India, Pakistan, Myanmar, Viet Nam, Thailand, Indonesia, Philippines (the), Singapore",Status of South Asian Chiroptera: Conservation Assessment and Management Plan (C.A.M.P.) Workshop Report,IUCN,"Near Threatened
NT","Molur, S., G. Marimuthu, C. Srinivasulu, S. Mistry, A.M. Hutson, P.J.J. Bates, S. Walker, K. Padma Priya and A.R. Binu Priya, editors. 2002. Status of South Asian Chiroptera: Conservation Assessment and Management Plan (C.A.M.P.) Workshop Report. Zoo Outreach Organisation, CBSG South Asia and WILD, Coimbatore, India.",Regional (multi-national)
94223,"Myotis montivagus (Dobson, 1874)",Burmese Whiskered Bat,2002,"Nepal, India, Pakistan, Myanmar, Viet Nam, Thailand, Indonesia, Philippines (the), Singapore",Status of South Asian Chiroptera: Conservation Assessment and Management Plan (C.A.M.P.) Workshop Report,IUCN,"Vulnerable
VU","Molur, S., G. Marimuthu, C. Srinivasulu, S. Mistry, A.M. Hutson, P.J.J. Bates, S. Walker, K. Padma Priya and A.R. Binu Priya, editors. 2002. Status of South Asian Chiroptera: Conservation Assessment and Management Plan (C.A.M.P.) Workshop Report. Zoo Outreach Organisation, CBSG South Asia and WILD, Coimbatore, India.",Regional (multi-national)
94220,"Myotis muricola (Gray, 1846)",Nepalese Whiskered Bat,2002,Nepal,Status of South Asian Chiroptera: Conservation Assessment and Management Plan (C.A.M.P.) Workshop Report,IUCN,"Least Concern
LC","Molur, S., G. Marimuthu, C. Srinivasulu, S. Mistry, A.M. Hutson, P.J.J. Bates, S. Walker, K. Padma Priya and A.R. Binu Priya, editors. 2002. Status of South Asian Chiroptera: Conservation Assessment and Management Plan (C.A.M.P.) Workshop Report. Zoo Outreach Organisation, CBSG South Asia and WILD, Coimbatore, India.",National
94217,"Myotis muricola (Gray, 1846)",Nepalese Whiskered Bat,2002,"Nepal, India, Pakistan, Myanmar, Viet Nam, Thailand, Indonesia, Philippines (the), Singapore",Status of South Asian Chiroptera: Conservation Assessment and Management Plan (C.A.M.P.) Workshop Report,IUCN,"Least Concern
LC","Molur, S., G. Marimuthu, C. Srinivasulu, S. Mistry, A.M. Hutson, P.J.J. Bates, S. Walker, K. Padma Priya and A.R. Binu Priya, editors. 2002. Status of South Asian Chiroptera: Conservation Assessment and Management Plan (C.A.M.P.) Workshop Report. Zoo Outreach Organisation, CBSG South Asia and WILD, Coimbatore, India.",Regional (multi-national)
94249,"Myotis mystacinus (Kuhl, 1817)",Whiskered Bat,2002,Nepal,Status of South Asian Chiroptera: Conservation Assessment and Management Plan (C.A.M.P.) Workshop Report,IUCN,"Vulnerable
VU","Molur, S., G. Marimuthu, C. Srinivasulu, S. Mistry, A.M. Hutson, P.J.J. Bates, S. Walker, K. Padma Priya and A.R. Binu Priya, editors. 2002. Status of South Asian Chiroptera: Conservation Assessment and Management Plan (C.A.M.P.) Workshop Report. Zoo Outreach Organisation, CBSG South Asia and WILD, Coimbatore, India.",National
94246,"Myotis mystacinus (Kuhl, 1817)",Whiskered Bat,2002,"Nepal, India, Pakistan, Myanmar, Viet Nam, Thailand, Indonesia, Philippines (the), Singapore",Status of South Asian Chiroptera: Conservation Assessment and Management Plan (C.A.M.P.) Workshop Report,IUCN,"Vulnerable
VU","Molur, S., G. Marimuthu, C. Srinivasulu, S. Mistry, A.M. Hutson, P.J.J. Bates, S. Walker, K. Padma Priya and A.R. Binu Priya, editors. 2002. Status of South Asian Chiroptera: Conservation Assessment and Management Plan (C.A.M.P.) Workshop Report. Zoo Outreach Organisation, CBSG South Asia and WILD, Coimbatore, India.",Regional (multi-national)
94229,"Myotis sicarius Thomas, 1915",Mandelli's Mouse-eared Bat,2002,Nepal,Status of South Asian Chiroptera: Conservation Assessment and Management Plan (C.A.M.P.) Workshop Report,IUCN,"Vulnerable
VU","Molur, S., G. Marimuthu, C. Srinivasulu, S. Mistry, A.M. Hutson, P.J.J. Bates, S. Walker, K. Padma Priya and A.R. Binu Priya, editors. 2002. Status of South Asian Chiroptera: Conservation Assessment and Management Plan (C.A.M.P.) Workshop Report. Zoo Outreach Organisation, CBSG South Asia and WILD, Coimbatore, India.",National
94227,"Myotis sicarius Thomas, 1915",Mandelli's Mouse-eared Bat,2002,"Nepal, India, Pakistan, Myanmar, Viet Nam, Thailand, Indonesia, Philippines (the), Singapore",Status of South Asian Chiroptera: Conservation Assessment and Management Plan (C.A.M.P.) Workshop Report,IUCN,"Vulnerable
VU","Molur, S., G. Marimuthu, C. Srinivasulu, S. Mistry, A.M. Hutson, P.J.J. Bates, S. Walker, K. Padma Priya and A.R. Binu Priya, editors. 2002. Status of South Asian Chiroptera: Conservation Assessment and Management Plan (C.A.M.P.) Workshop Report. Zoo Outreach Organisation, CBSG South Asia and WILD, Coimbatore, India.",Regional (multi-national)
94240,"Myotis siligorensis (Horsfield, 1855)","Himalayan Whiskered Bat, Siliguri Bat",2002,Nepal,Status of South Asian Chiroptera: Conservation Assessment and Management Plan (C.A.M.P.) Workshop Report,IUCN,"Near Threatened
NT","Molur, S., G. Marimuthu, C. Srinivasulu, S. Mistry, A.M. Hutson, P.J.J. Bates, S. Walker, K. Padma Priya and A.R. Binu Priya, editors. 2002. Status of South Asian Chiroptera: Conservation Assessment and Management Plan (C.A.M.P.) Workshop Report. Zoo Outreach Organisation, CBSG South Asia and WILD, Coimbatore, India.",National
94237,"Myotis siligorensis (Horsfield, 1855)","Himalayan Whiskered Bat, Siliguri Bat",2002,"Nepal, India, Pakistan, Myanmar, Viet Nam, Thailand, Indonesia, Philippines (the), Singapore",Status of South Asian Chiroptera: Conservation Assessment and Management Plan (C.A.M.P.) Workshop Report,IUCN,"Near Threatened
NT","Molur, S., G. Marimuthu, C. Srinivasulu, S. Mistry, A.M. Hutson, P.J.J. Bates, S. Walker, K. Padma Priya and A.R. Binu Priya, editors. 2002. Status of South Asian Chiroptera: Conservation Assessment and Management Plan (C.A.M.P.) Workshop Report. Zoo Outreach Organisation, CBSG South Asia and WILD, Coimbatore, India.",Regional (multi-national)
94265,"Nyctalus leisleri (Kuhl, 1817)","Hairy-armed Bat, Leisler's Bat",2002,"Nepal, India, Pakistan, Myanmar, Viet Nam, Thailand, Indonesia, Philippines (the), Singapore",Status of South Asian Chiroptera: Conservation Assessment and Management Plan (C.A.M.P.) Workshop Report,IUCN,"Endangered
EN","Molur, S., G. Marimuthu, C. Srinivasulu, S. Mistry, A.M. Hutson, P.J.J. Bates, S. Walker, K. Padma Priya and A.R. Binu Priya, editors. 2002. Status of South Asian Chiroptera: Conservation Assessment and Management Plan (C.A.M.P.) Workshop Report. Zoo Outreach Organisation, CBSG South Asia and WILD, Coimbatore, India.",Regional (multi-national)
94264,"Nyctalus montanus (Barrett-Hamilton, 1906)",Mountain Noctule,2002,Nepal,Status of South Asian Chiroptera: Conservation Assessment and Management Plan (C.A.M.P.) Workshop Report,IUCN,"Near Threatened
NT","Molur, S., G. Marimuthu, C. Srinivasulu, S. Mistry, A.M. Hutson, P.J.J. Bates, S. Walker, K. Padma Priya and A.R. Binu Priya, editors. 2002. Status of South Asian Chiroptera: Conservation Assessment and Management Plan (C.A.M.P.) Workshop Report. Zoo Outreach Organisation, CBSG South Asia and WILD, Coimbatore, India.",National
94261,"Nyctalus montanus (Barrett-Hamilton, 1906)",Mountain Noctule,2002,"Nepal, India, Pakistan, Myanmar, Viet Nam, Thailand, Indonesia, Philippines (the), Singapore",Status of South Asian Chiroptera: Conservation Assessment and Management Plan (C.A.M.P.) Workshop Report,IUCN,"Near Threatened
NT","Molur, S., G. Marimuthu, C. Srinivasulu, S. Mistry, A.M. Hutson, P.J.J. Bates, S. Walker, K. Padma Priya and A.R. Binu Priya, editors. 2002. Status of South Asian Chiroptera: Conservation Assessment and Management Plan (C.A.M.P.) Workshop Report. Zoo Outreach Organisation, CBSG South Asia and WILD, Coimbatore, India.",Regional (multi-national)
94272,"Nyctalus noctula (Schreber, 1774)",Noctule,2002,Nepal,Status of South Asian Chiroptera: Conservation Assessment and Management Plan (C.A.M.P.) Workshop Report,IUCN,"Least Concern
LC","Molur, S., G. Marimuthu, C. Srinivasulu, S. Mistry, A.M. Hutson, P.J.J. Bates, S. Walker, K. Padma Priya and A.R. Binu Priya, editors. 2002. Status of South Asian Chiroptera: Conservation Assessment and Management Plan (C.A.M.P.) Workshop Report. Zoo Outreach Organisation, CBSG South Asia and WILD, Coimbatore, India.",National
94269,"Nyctalus noctula (Schreber, 1774)",Noctule,2002,"Nepal, India, Pakistan, Myanmar, Viet Nam, Thailand, Indonesia, Philippines (the), Singapore",Status of South Asian Chiroptera: Conservation Assessment and Management Plan (C.A.M.P.) Workshop Report,IUCN,"Least Concern
LC","Molur, S., G. Marimuthu, C. Srinivasulu, S. Mistry, A.M. Hutson, P.J.J. Bates, S. Walker, K. Padma Priya and A.R. Binu Priya, editors. 2002. Status of South Asian Chiroptera: Conservation Assessment and Management Plan (C.A.M.P.) Workshop Report. Zoo Outreach Organisation, CBSG South Asia and WILD, Coimbatore, India.",Regional (multi-national)
94275,"Otonycteris hemprichii Peters, 1859",Hemiprich's Long-eared Bat,2002,"Nepal, India, Pakistan, Myanmar, Viet Nam, Thailand, Indonesia, Philippines (the), Singapore",Status of South Asian Chiroptera: Conservation Assessment and Management Plan (C.A.M.P.) Workshop Report,IUCN,"Near Threatened
NT","Molur, S., G. Marimuthu, C. Srinivasulu, S. Mistry, A.M. Hutson, P.J.J. Bates, S. Walker, K. Padma Priya and A.R. Binu Priya, editors. 2002. Status of South Asian Chiroptera: Conservation Assessment and Management Plan (C.A.M.P.) Workshop Report. Zoo Outreach Organisation, CBSG South Asia and WILD, Coimbatore, India.",Regional (multi-national)
94281,"Philetor brachypterus (Temminck, 1840)",Rohu's Bat,2002,Nepal,Status of South Asian Chiroptera: Conservation Assessment and Management Plan (C.A.M.P.) Workshop Report,IUCN,"Vulnerable
VU","Molur, S., G. Marimuthu, C. Srinivasulu, S. Mistry, A.M. Hutson, P.J.J. Bates, S. Walker, K. Padma Priya and A.R. Binu Priya, editors. 2002. Status of South Asian Chiroptera: Conservation Assessment and Management Plan (C.A.M.P.) Workshop Report. Zoo Outreach Organisation, CBSG South Asia and WILD, Coimbatore, India.",National
94279,"Philetor brachypterus (Temminck, 1840)",Rohu's Bat,2002,"Nepal, India, Pakistan, Myanmar, Viet Nam, Thailand, Indonesia, Philippines (the), Singapore",Status of South Asian Chiroptera: Conservation Assessment and Management Plan (C.A.M.P.) Workshop Report,IUCN,"Vulnerable
VU","Molur, S., G. Marimuthu, C. Srinivasulu, S. Mistry, A.M. Hutson, P.J.J. Bates, S. Walker, K. Padma Priya and A.R. Binu Priya, editors. 2002. Status of South Asian Chiroptera: Conservation Assessment and Management Plan (C.A.M.P.) Workshop Report. Zoo Outreach Organisation, CBSG South Asia and WILD, Coimbatore, India.",Regional (multi-national)
94318,"Pipistrellus abramus (Temminck, 1840)",Japanese Pipistrelle,2002,"Nepal, India, Pakistan, Myanmar, Viet Nam, Thailand, Indonesia, Philippines (the), Singapore",Status of South Asian Chiroptera: Conservation Assessment and Management Plan (C.A.M.P.) Workshop Report,IUCN,"Data Deficient
DD","Molur, S., G. Marimuthu, C. Srinivasulu, S. Mistry, A.M. Hutson, P.J.J. Bates, S. Walker, K. Padma Priya and A.R. Binu Priya, editors. 2002. Status of South Asian Chiroptera: Conservation Assessment and Management Plan (C.A.M.P.) Workshop Report. Zoo Outreach Organisation, CBSG South Asia and WILD, Coimbatore, India.",Regional (multi-national)
94321,"Pipistrellus affinis (Dobson, 1871)","Chocolate Pipistrelle, Grizzled Pipistrelle",2002,"Nepal, India, Pakistan, Myanmar, Viet Nam, Thailand, Indonesia, Philippines (the), Singapore",Status of South Asian Chiroptera: Conservation Assessment and Management Plan (C.A.M.P.) Workshop Report,IUCN,"Near Threatened
NT","Molur, S., G. Marimuthu, C. Srinivasulu, S. Mistry, A.M. Hutson, P.J.J. Bates, S. Walker, K. Padma Priya and A.R. Binu Priya, editors. 2002. Status of South Asian Chiroptera: Conservation Assessment and Management Plan (C.A.M.P.) Workshop Report. Zoo Outreach Organisation, CBSG South Asia and WILD, Coimbatore, India.",Regional (multi-national)
94334,"Pipistrellus cadornae Thomas, 1916","Cadornae's Pipistrelle, Thomas's Pipistrelle",2002,"Nepal, India, Pakistan, Myanmar, Viet Nam, Thailand, Indonesia, Philippines (the), Singapore",Status of South Asian Chiroptera: Conservation Assessment and Management Plan (C.A.M.P.) Workshop Report,IUCN,"Near Threatened
NT","Molur, S., G. Marimuthu, C. Srinivasulu, S. Mistry, A.M. Hutson, P.J.J. Bates, S. Walker, K. Padma Priya and A.R. Binu Priya, editors. 2002. Status of South Asian Chiroptera: Conservation Assessment and Management Plan (C.A.M.P.) Workshop Report. Zoo Outreach Organisation, CBSG South Asia and WILD, Coimbatore, India.",Regional (multi-national)
94312,"Pipistrellus ceylonicus (Kelaart, 1852)",Bengali: Kelaarter Chamchika English: Kelaart's Pipistrelle,2002,"Nepal, India, Pakistan, Myanmar, Viet Nam, Thailand, Indonesia, Philippines (the), Singapore",Status of South Asian Chiroptera: Conservation Assessment and Management Plan (C.A.M.P.) Workshop Report,IUCN,"Least Concern
LC","Molur, S., G. Marimuthu, C. Srinivasulu, S. Mistry, A.M. Hutson, P.J.J. Bates, S. Walker, K. Padma Priya and A.R. Binu Priya, editors. 2002. Status of South Asian Chiroptera: Conservation Assessment and Management Plan (C.A.M.P.) Workshop Report. Zoo Outreach Organisation, CBSG South Asia and WILD, Coimbatore, India.",Regional (multi-national)
94298,"Pipistrellus coromandra (Gray, 1838)","Bengali-Khudey Chamchika English-Coromandel Pipistrelle, Indian Pipistrelle",2002,Nepal,Status of South Asian Chiroptera: Conservation Assessment and Management Plan (C.A.M.P.) Workshop Report,IUCN,"Least Concern
LC","Molur, S., G. Marimuthu, C. Srinivasulu, S. Mistry, A.M. Hutson, P.J.J. Bates, S. Walker, K. Padma Priya and A.R. Binu Priya, editors. 2002. Status of South Asian Chiroptera: Conservation Assessment and Management Plan (C.A.M.P.) Workshop Report. Zoo Outreach Organisation, CBSG South Asia and WILD, Coimbatore, India.",National
94294,"Pipistrellus coromandra (Gray, 1838)","Bengali-Khudey Chamchika English-Coromandel Pipistrelle, Indian Pipistrelle",2002,"Nepal, India, Pakistan, Myanmar, Viet Nam, Thailand, Indonesia, Philippines (the), Singapore",Status of South Asian Chiroptera: Conservation Assessment and Management Plan (C.A.M.P.) Workshop Report,IUCN,"Least Concern
LC","Molur, S., G. Marimuthu, C. Srinivasulu, S. Mistry, A.M. Hutson, P.J.J. Bates, S. Walker, K. Padma Priya and A.R. Binu Priya, editors. 2002. Status of South Asian Chiroptera: Conservation Assessment and Management Plan (C.A.M.P.) Workshop Report. Zoo Outreach Organisation, CBSG South Asia and WILD, Coimbatore, India.",Regional (multi-national)
94326,"Pipistrellus dormeri (Dobson, 1875)",Bengali- Dormerer Chamchika English- Dormer's Bat,2002,"Nepal, India, Pakistan, Myanmar, Viet Nam, Thailand, Indonesia, Philippines (the), Singapore",Status of South Asian Chiroptera: Conservation Assessment and Management Plan (C.A.M.P.) Workshop Report,IUCN,"Least Concern
LC","Molur, S., G. Marimuthu, C. Srinivasulu, S. Mistry, A.M. Hutson, P.J.J. Bates, S. Walker, K. Padma Priya and A.R. Binu Priya, editors. 2002. Status of South Asian Chiroptera: Conservation Assessment and Management Plan (C.A.M.P.) Workshop Report. Zoo Outreach Organisation, CBSG South Asia and WILD, Coimbatore, India.",Regional (multi-national)
94291,"Pipistrellus javanicus (Gray, 1838)",Javan Pipistrelle,2002,Nepal,Status of South Asian Chiroptera: Conservation Assessment and Management Plan (C.A.M.P.) Workshop Report,IUCN,"Least Concern
LC","Molur, S., G. Marimuthu, C. Srinivasulu, S. Mistry, A.M. Hutson, P.J.J. Bates, S. Walker, K. Padma Priya and A.R. Binu Priya, editors. 2002. Status of South Asian Chiroptera: Conservation Assessment and Management Plan (C.A.M.P.) Workshop Report. Zoo Outreach Organisation, CBSG South Asia and WILD, Coimbatore, India.",National
94287,"Pipistrellus javanicus (Gray, 1838)",Javan Pipistrelle,2002,"Nepal, India, Pakistan, Myanmar, Viet Nam, Thailand, Indonesia, Philippines (the), Singapore",Status of South Asian Chiroptera: Conservation Assessment and Management Plan (C.A.M.P.) Workshop Report,IUCN,"Least Concern
LC","Molur, S., G. Marimuthu, C. Srinivasulu, S. Mistry, A.M. Hutson, P.J.J. Bates, S. Walker, K. Padma Priya and A.R. Binu Priya, editors. 2002. Status of South Asian Chiroptera: Conservation Assessment and Management Plan (C.A.M.P.) Workshop Report. Zoo Outreach Organisation, CBSG South Asia and WILD, Coimbatore, India.",Regional (multi-national)
94300,"Pipistrellus kuhlii (Kuhl, 1817)",Kuhl's Pipistrelle,2002,"Nepal, India, Pakistan, Myanmar, Viet Nam, Thailand, Indonesia, Philippines (the), Singapore",Status of South Asian Chiroptera: Conservation Assessment and Management Plan (C.A.M.P.) Workshop Report,IUCN,"Least Concern
LC","Molur, S., G. Marimuthu, C. Srinivasulu, S. Mistry, A.M. Hutson, P.J.J. Bates, S. Walker, K. Padma Priya and A.R. Binu Priya, editors. 2002. Status of South Asian Chiroptera: Conservation Assessment and Management Plan (C.A.M.P.) Workshop Report. Zoo Outreach Organisation, CBSG South Asia and WILD, Coimbatore, India.",Regional (multi-national)
94331,"Pipistrellus paterculus Thomas, 1915","Mount Popa Pipistrelle, Paternal Pipistrelle",2002,"Nepal, India, Pakistan, Myanmar, Viet Nam, Thailand, Indonesia, Philippines (the), Singapore",Status of South Asian Chiroptera: Conservation Assessment and Management Plan (C.A.M.P.) Workshop Report,IUCN,"Least Concern
LC","Molur, S., G. Marimuthu, C. Srinivasulu, S. Mistry, A.M. Hutson, P.J.J. Bates, S. Walker, K. Padma Priya and A.R. Binu Priya, editors. 2002. Status of South Asian Chiroptera: Conservation Assessment and Management Plan (C.A.M.P.) Workshop Report. Zoo Outreach Organisation, CBSG South Asia and WILD, Coimbatore, India.",Regional (multi-national)
94337,"Pipistrellus pipistrellus (Schreber, 1774)",Common Pipistrelle,2002,"Nepal, India, Pakistan, Myanmar, Viet Nam, Thailand, Indonesia, Philippines (the), Singapore",Status of South Asian Chiroptera: Conservation Assessment and Management Plan (C.A.M.P.) Workshop Report,IUCN,"Least Concern
LC","Molur, S., G. Marimuthu, C. Srinivasulu, S. Mistry, A.M. Hutson, P.J.J. Bates, S. Walker, K. Padma Priya and A.R. Binu Priya, editors. 2002. Status of South Asian Chiroptera: Conservation Assessment and Management Plan (C.A.M.P.) Workshop Report. Zoo Outreach Organisation, CBSG South Asia and WILD, Coimbatore, India.",Regional (multi-national)
94282,"Pipistrellus savii (Bonaparte, 1837)",Bengali-Savir Chamchika English-Savi's Pipistrelle,2002,"Nepal, India, Pakistan, Myanmar, Viet Nam, Thailand, Indonesia, Philippines (the), Singapore",Status of South Asian Chiroptera: Conservation Assessment and Management Plan (C.A.M.P.) Workshop Report,IUCN,"Vulnerable
VU","Molur, S., G. Marimuthu, C. Srinivasulu, S. Mistry, A.M. Hutson, P.J.J. Bates, S. Walker, K. Padma Priya and A.R. Binu Priya, editors. 2002. Status of South Asian Chiroptera: Conservation Assessment and Management Plan (C.A.M.P.) Workshop Report. Zoo Outreach Organisation, CBSG South Asia and WILD, Coimbatore, India.",Regional (multi-national)
94309,"Pipistrellus tenuis (Temminck, 1840)","Indian Pygmy Bat, Least Pipistrelle",2002,Nepal,Status of South Asian Chiroptera: Conservation Assessment and Management Plan (C.A.M.P.) Workshop Report,IUCN,"Least Concern
LC","Molur, S., G. Marimuthu, C. Srinivasulu, S. Mistry, A.M. Hutson, P.J.J. Bates, S. Walker, K. Padma Priya and A.R. Binu Priya, editors. 2002. Status of South Asian Chiroptera: Conservation Assessment and Management Plan (C.A.M.P.) Workshop Report. Zoo Outreach Organisation, CBSG South Asia and WILD, Coimbatore, India.",National
94304,"Pipistrellus tenuis (Temminck, 1840)","Indian Pygmy Bat, Least Pipistrelle",2002,"Nepal, India, Pakistan, Myanmar, Viet Nam, Thailand, Indonesia, Philippines (the), Singapore",Status of South Asian Chiroptera: Conservation Assessment and Management Plan (C.A.M.P.) Workshop Report,IUCN,"Least Concern
LC","Molur, S., G. Marimuthu, C. Srinivasulu, S. Mistry, A.M. Hutson, P.J.J. Bates, S. Walker, K. Padma Priya and A.R. Binu Priya, editors. 2002. Status of South Asian Chiroptera: Conservation Assessment and Management Plan (C.A.M.P.) Workshop Report. Zoo Outreach Organisation, CBSG South Asia and WILD, Coimbatore, India.",Regional (multi-national)
94349,"Plecotus auritus (Linnaeus, 1758)",Brown long-eared Bat,2002,Nepal,Status of South Asian Chiroptera: Conservation Assessment and Management Plan (C.A.M.P.) Workshop Report,IUCN,"Near Threatened
NT","Molur, S., G. Marimuthu, C. Srinivasulu, S. Mistry, A.M. Hutson, P.J.J. Bates, S. Walker, K. Padma Priya and A.R. Binu Priya, editors. 2002. Status of South Asian Chiroptera: Conservation Assessment and Management Plan (C.A.M.P.) Workshop Report. Zoo Outreach Organisation, CBSG South Asia and WILD, Coimbatore, India.",National
94347,"Plecotus auritus (Linnaeus, 1758)",Brown long-eared Bat,2002,"Nepal, India, Pakistan, Myanmar, Viet Nam, Thailand, Indonesia, Philippines (the), Singapore",Status of South Asian Chiroptera: Conservation Assessment and Management Plan (C.A.M.P.) Workshop Report,IUCN,"Near Threatened
NT","Molur, S., G. Marimuthu, C. Srinivasulu, S. Mistry, A.M. Hutson, P.J.J. Bates, S. Walker, K. Padma Priya and A.R. Binu Priya, editors. 2002. Status of South Asian Chiroptera: Conservation Assessment and Management Plan (C.A.M.P.) Workshop Report. Zoo Outreach Organisation, CBSG South Asia and WILD, Coimbatore, India.",Regional (multi-national)
94345,"Plecotus austriacus (J. Fischer, 1829)","Common Long-eared Bat, Grey Long-eared Bat",2002,Nepal,Status of South Asian Chiroptera: Conservation Assessment and Management Plan (C.A.M.P.) Workshop Report,IUCN,"Near Threatened
NT","Molur, S., G. Marimuthu, C. Srinivasulu, S. Mistry, A.M. Hutson, P.J.J. Bates, S. Walker, K. Padma Priya and A.R. Binu Priya, editors. 2002. Status of South Asian Chiroptera: Conservation Assessment and Management Plan (C.A.M.P.) Workshop Report. Zoo Outreach Organisation, CBSG South Asia and WILD, Coimbatore, India.",National
94342,"Plecotus austriacus (J. Fischer, 1829)","Common Long-eared Bat, Grey Long-eared Bat",2002,"Nepal, India, Pakistan, Myanmar, Viet Nam, Thailand, Indonesia, Philippines (the), Singapore",Status of South Asian Chiroptera: Conservation Assessment and Management Plan (C.A.M.P.) Workshop Report,IUCN,"Near Threatened
NT","Molur, S., G. Marimuthu, C. Srinivasulu, S. Mistry, A.M. Hutson, P.J.J. Bates, S. Walker, K. Padma Priya and A.R. Binu Priya, editors. 2002. Status of South Asian Chiroptera: Conservation Assessment and Management Plan (C.A.M.P.) Workshop Report. Zoo Outreach Organisation, CBSG South Asia and WILD, Coimbatore, India.",Regional (multi-national)
94355,"Pteropus giganteus (Brünnich, 1782)",Bengali-Champa Badur; English-Indian Flying Fox,2002,Nepal,Status of South Asian Chiroptera: Conservation Assessment and Management Plan (C.A.M.P.) Workshop Report,IUCN,"Least Concern
LC","Molur, S., G. Marimuthu, C. Srinivasulu, S. Mistry, A.M. Hutson, P.J.J. Bates, S. Walker, K. Padma Priya and A.R. Binu Priya, editors. 2002. Status of South Asian Chiroptera: Conservation Assessment and Management Plan (C.A.M.P.) Workshop Report. Zoo Outreach Organisation, CBSG South Asia and WILD, Coimbatore, India.",National
94351,"Pteropus giganteus (Brünnich, 1782)",Bengali-Champa Badur; English-Indian Flying Fox,2002,"Nepal, India, Pakistan, Myanmar, Viet Nam, Thailand, Indonesia, Philippines (the), Singapore",Status of South Asian Chiroptera: Conservation Assessment and Management Plan (C.A.M.P.) Workshop Report,IUCN,"Least Concern
LC","Molur, S., G. Marimuthu, C. Srinivasulu, S. Mistry, A.M. Hutson, P.J.J. Bates, S. Walker, K. Padma Priya and A.R. Binu Priya, editors. 2002. Status of South Asian Chiroptera: Conservation Assessment and Management Plan (C.A.M.P.) Workshop Report. Zoo Outreach Organisation, CBSG South Asia and WILD, Coimbatore, India.",Regional (multi-national)
94362,"Pteropus hypomelanus Temminck, 1853",Island Flying Fox,2002,"Nepal, India, Pakistan, Myanmar, Viet Nam, Thailand, Indonesia, Philippines (the), Singapore",Status of South Asian Chiroptera: Conservation Assessment and Management Plan (C.A.M.P.) Workshop Report,IUCN,"Endangered
EN","Molur, S., G. Marimuthu, C. Srinivasulu, S. Mistry, A.M. Hutson, P.J.J. Bates, S. Walker, K. Padma Priya and A.R. Binu Priya, editors. 2002. Status of South Asian Chiroptera: Conservation Assessment and Management Plan (C.A.M.P.) Workshop Report. Zoo Outreach Organisation, CBSG South Asia and WILD, Coimbatore, India.",Regional (multi-national)
94381,"Rhinolophus affinis Horsfield, 1823",Intermediate Horse-shoe Bat,2002,Nepal,Status of South Asian Chiroptera: Conservation Assessment and Management Plan (C.A.M.P.) Workshop Report,IUCN,"Least Concern
LC","Molur, S., G. Marimuthu, C. Srinivasulu, S. Mistry, A.M. Hutson, P.J.J. Bates, S. Walker, K. Padma Priya and A.R. Binu Priya, editors. 2002. Status of South Asian Chiroptera: Conservation Assessment and Management Plan (C.A.M.P.) Workshop Report. Zoo Outreach Organisation, CBSG South Asia and WILD, Coimbatore, India.",National
94376,"Rhinolophus affinis Horsfield, 1823",Intermediate Horse-shoe Bat,2002,"Nepal, India, Pakistan, Myanmar, Viet Nam, Thailand, Indonesia, Philippines (the), Singapore",Status of South Asian Chiroptera: Conservation Assessment and Management Plan (C.A.M.P.) Workshop Report,IUCN,"Least Concern
LC","Molur, S., G. Marimuthu, C. Srinivasulu, S. Mistry, A.M. Hutson, P.J.J. Bates, S. Walker, K. Padma Priya and A.R. Binu Priya, editors. 2002. Status of South Asian Chiroptera: Conservation Assessment and Management Plan (C.A.M.P.) Workshop Report. Zoo Outreach Organisation, CBSG South Asia and WILD, Coimbatore, India.",Regional (multi-national)
94407,"Rhinolophus beddomei Andersen, 1905",Lesser Woolly Horseshoe Bat,2002,"Nepal, India, Pakistan, Myanmar, Viet Nam, Thailand, Indonesia, Philippines (the), Singapore",Status of South Asian Chiroptera: Conservation Assessment and Management Plan (C.A.M.P.) Workshop Report,IUCN,"Near Threatened
NT","Molur, S., G. Marimuthu, C. Srinivasulu, S. Mistry, A.M. Hutson, P.J.J. Bates, S. Walker, K. Padma Priya and A.R. Binu Priya, editors. 2002. Status of South Asian Chiroptera: Conservation Assessment and Management Plan (C.A.M.P.) Workshop Report. Zoo Outreach Organisation, CBSG South Asia and WILD, Coimbatore, India.",Regional (multi-national)
94428,"Rhinolophus blasii Peters, 1866",Blasius' Horseshoe Bat,2002,"Nepal, India, Pakistan, Myanmar, Viet Nam, Thailand, Indonesia, Philippines (the), Singapore",Status of South Asian Chiroptera: Conservation Assessment and Management Plan (C.A.M.P.) Workshop Report,IUCN,"Near Threatened
NT","Molur, S., G. Marimuthu, C. Srinivasulu, S. Mistry, A.M. Hutson, P.J.J. Bates, S. Walker, K. Padma Priya and A.R. Binu Priya, editors. 2002. Status of South Asian Chiroptera: Conservation Assessment and Management Plan (C.A.M.P.) Workshop Report. Zoo Outreach Organisation, CBSG South Asia and WILD, Coimbatore, India.",Regional (multi-national)
94403,"Rhinolophus ferrumequinum (Schreber, 1774)",Greater Horseshoe Bat,2002,"Nepal, India, Pakistan, Myanmar, Viet Nam, Thailand, Indonesia, Philippines (the), Singapore",Status of South Asian Chiroptera: Conservation Assessment and Management Plan (C.A.M.P.) Workshop Report,IUCN,"Vulnerable
VU","Molur, S., G. Marimuthu, C. Srinivasulu, S. Mistry, A.M. Hutson, P.J.J. Bates, S. Walker, K. Padma Priya and A.R. Binu Priya, editors. 2002. Status of South Asian Chiroptera: Conservation Assessment and Management Plan (C.A.M.P.) Workshop Report. Zoo Outreach Organisation, CBSG South Asia and WILD, Coimbatore, India.",Regional (multi-national)
94365,"Rhinolophus hipposideros (Bechstein, 1800)",Lesser Horseshoe bat,2002,"Nepal, India, Pakistan, Myanmar, Viet Nam, Thailand, Indonesia, Philippines (the), Singapore",Status of South Asian Chiroptera: Conservation Assessment and Management Plan (C.A.M.P.) Workshop Report,IUCN,"Vulnerable
VU","Molur, S., G. Marimuthu, C. Srinivasulu, S. Mistry, A.M. Hutson, P.J.J. Bates, S. Walker, K. Padma Priya and A.R. Binu Priya, editors. 2002. Status of South Asian Chiroptera: Conservation Assessment and Management Plan (C.A.M.P.) Workshop Report. Zoo Outreach Organisation, CBSG South Asia and WILD, Coimbatore, India.",Regional (multi-national)
94374,"Rhinolophus lepidus Blyth, 1844",Bengali: Chhoto Ghorakhuri Chamchika English: Blyth's Horseshoe Bat,2002,Nepal,Status of South Asian Chiroptera: Conservation Assessment and Management Plan (C.A.M.P.) Workshop Report,IUCN,"Near Threatened
NT","Molur, S., G. Marimuthu, C. Srinivasulu, S. Mistry, A.M. Hutson, P.J.J. Bates, S. Walker, K. Padma Priya and A.R. Binu Priya, editors. 2002. Status of South Asian Chiroptera: Conservation Assessment and Management Plan (C.A.M.P.) Workshop Report. Zoo Outreach Organisation, CBSG South Asia and WILD, Coimbatore, India.",National
94369,"Rhinolophus lepidus Blyth, 1844",Bengali: Chhoto Ghorakhuri Chamchika English: Blyth's Horseshoe Bat,2002,"Nepal, India, Pakistan, Myanmar, Viet Nam, Thailand, Indonesia, Philippines (the), Singapore",Status of South Asian Chiroptera: Conservation Assessment and Management Plan (C.A.M.P.) Workshop Report,IUCN,"Least Concern
LC","Molur, S., G. Marimuthu, C. Srinivasulu, S. Mistry, A.M. Hutson, P.J.J. Bates, S. Walker, K. Padma Priya and A.R. Binu Priya, editors. 2002. Status of South Asian Chiroptera: Conservation Assessment and Management Plan (C.A.M.P.) Workshop Report. Zoo Outreach Organisation, CBSG South Asia and WILD, Coimbatore, India.",Regional (multi-national)
94414,"Rhinolophus luctus Temminck, 1835",Bengali: Woolwala Chamchika English: Woolly Horseshoe Bat,2002,Nepal,Status of South Asian Chiroptera: Conservation Assessment and Management Plan (C.A.M.P.) Workshop Report,IUCN,"Near Threatened
NT","Molur, S., G. Marimuthu, C. Srinivasulu, S. Mistry, A.M. Hutson, P.J.J. Bates, S. Walker, K. Padma Priya and A.R. Binu Priya, editors. 2002. Status of South Asian Chiroptera: Conservation Assessment and Management Plan (C.A.M.P.) Workshop Report. Zoo Outreach Organisation, CBSG South Asia and WILD, Coimbatore, India.",National
94410,"Rhinolophus luctus Temminck, 1835",Bengali: Woolwala Chamchika English: Woolly Horseshoe Bat,2002,"Nepal, India, Pakistan, Myanmar, Viet Nam, Thailand, Indonesia, Philippines (the), Singapore",Status of South Asian Chiroptera: Conservation Assessment and Management Plan (C.A.M.P.) Workshop Report,IUCN,"Near Threatened
NT","Molur, S., G. Marimuthu, C. Srinivasulu, S. Mistry, A.M. Hutson, P.J.J. Bates, S. Walker, K. Padma Priya and A.R. Binu Priya, editors. 2002. Status of South Asian Chiroptera: Conservation Assessment and Management Plan (C.A.M.P.) Workshop Report. Zoo Outreach Organisation, CBSG South Asia and WILD, Coimbatore, India.",Regional (multi-national)
94418,"Rhinolophus macrotis Blyth, 1844",Big-eared Horse-shoe Bat,2002,Nepal,Status of South Asian Chiroptera: Conservation Assessment and Management Plan (C.A.M.P.) Workshop Report,IUCN,"Near Threatened
NT","Molur, S., G. Marimuthu, C. Srinivasulu, S. Mistry, A.M. Hutson, P.J.J. Bates, S. Walker, K. Padma Priya and A.R. Binu Priya, editors. 2002. Status of South Asian Chiroptera: Conservation Assessment and Management Plan (C.A.M.P.) Workshop Report. Zoo Outreach Organisation, CBSG South Asia and WILD, Coimbatore, India.",National
94415,"Rhinolophus macrotis Blyth, 1844",Big-eared Horse-shoe Bat,2002,"Nepal, India, Pakistan, Myanmar, Viet Nam, Thailand, Indonesia, Philippines (the), Singapore",Status of South Asian Chiroptera: Conservation Assessment and Management Plan (C.A.M.P.) Workshop Report,IUCN,"Near Threatened
NT","Molur, S., G. Marimuthu, C. Srinivasulu, S. Mistry, A.M. Hutson, P.J.J. Bates, S. Walker, K. Padma Priya and A.R. Binu Priya, editors. 2002. Status of South Asian Chiroptera: Conservation Assessment and Management Plan (C.A.M.P.) Workshop Report. Zoo Outreach Organisation, CBSG South Asia and WILD, Coimbatore, India.",Regional (multi-national)
94388,"Rhinolophus pearsonii Horsfield, 1851",Bengali: Pearsoner Gorakhuri Chamchika English: Pearson's Horse-shoe Bat,2002,Nepal,Status of South Asian Chiroptera: Conservation Assessment and Management Plan (C.A.M.P.) Workshop Report,IUCN,"Least Concern
LC","Molur, S., G. Marimuthu, C. Srinivasulu, S. Mistry, A.M. Hutson, P.J.J. Bates, S. Walker, K. Padma Priya and A.R. Binu Priya, editors. 2002. Status of South Asian Chiroptera: Conservation Assessment and Management Plan (C.A.M.P.) Workshop Report. Zoo Outreach Organisation, CBSG South Asia and WILD, Coimbatore, India.",National
94383,"Rhinolophus pearsonii Horsfield, 1851",Bengali: Pearsoner Gorakhuri Chamchika English: Pearson's Horse-shoe Bat,2002,"Nepal, India, Pakistan, Myanmar, Viet Nam, Thailand, Indonesia, Philippines (the), Singapore",Status of South Asian Chiroptera: Conservation Assessment and Management Plan (C.A.M.P.) Workshop Report,IUCN,"Least Concern
LC","Molur, S., G. Marimuthu, C. Srinivasulu, S. Mistry, A.M. Hutson, P.J.J. Bates, S. Walker, K. Padma Priya and A.R. Binu Priya, editors. 2002. Status of South Asian Chiroptera: Conservation Assessment and Management Plan (C.A.M.P.) Workshop Report. Zoo Outreach Organisation, CBSG South Asia and WILD, Coimbatore, India.",Regional (multi-national)
94422,"Rhinolophus pusillus Temminck, 1834",Least Horseshoe Bat,2002,Nepal,Status of South Asian Chiroptera: Conservation Assessment and Management Plan (C.A.M.P.) Workshop Report,IUCN,"Least Concern
LC","Molur, S., G. Marimuthu, C. Srinivasulu, S. Mistry, A.M. Hutson, P.J.J. Bates, S. Walker, K. Padma Priya and A.R. Binu Priya, editors. 2002. Status of South Asian Chiroptera: Conservation Assessment and Management Plan (C.A.M.P.) Workshop Report. Zoo Outreach Organisation, CBSG South Asia and WILD, Coimbatore, India.",National
94419,"Rhinolophus pusillus Temminck, 1834",Least Horseshoe Bat,2002,"Nepal, India, Pakistan, Myanmar, Viet Nam, Thailand, Indonesia, Philippines (the), Singapore",Status of South Asian Chiroptera: Conservation Assessment and Management Plan (C.A.M.P.) Workshop Report,IUCN,"Least Concern
LC","Molur, S., G. Marimuthu, C. Srinivasulu, S. Mistry, A.M. Hutson, P.J.J. Bates, S. Walker, K. Padma Priya and A.R. Binu Priya, editors. 2002. Status of South Asian Chiroptera: Conservation Assessment and Management Plan (C.A.M.P.) Workshop Report. Zoo Outreach Organisation, CBSG South Asia and WILD, Coimbatore, India.",Regional (multi-national)
94426,"Rhinolophus rouxii Temminck, 1835",Rufous Horseshoe Bat,2002,Nepal,Status of South Asian Chiroptera: Conservation Assessment and Management Plan (C.A.M.P.) Workshop Report,IUCN,"Near Threatened
NT","Molur, S., G. Marimuthu, C. Srinivasulu, S. Mistry, A.M. Hutson, P.J.J. Bates, S. Walker, K. Padma Priya and A.R. Binu Priya, editors. 2002. Status of South Asian Chiroptera: Conservation Assessment and Management Plan (C.A.M.P.) Workshop Report. Zoo Outreach Organisation, CBSG South Asia and WILD, Coimbatore, India.",National
94423,"Rhinolophus rouxii Temminck, 1835",Rufous Horseshoe Bat,2002,"Nepal, India, Pakistan, Myanmar, Viet Nam, Thailand, Indonesia, Philippines (the), Singapore",Status of South Asian Chiroptera: Conservation Assessment and Management Plan (C.A.M.P.) Workshop Report,IUCN,"Near Threatened
NT","Molur, S., G. Marimuthu, C. Srinivasulu, S. Mistry, A.M. Hutson, P.J.J. Bates, S. Walker, K. Padma Priya and A.R. Binu Priya, editors. 2002. Status of South Asian Chiroptera: Conservation Assessment and Management Plan (C.A.M.P.) Workshop Report. Zoo Outreach Organisation, CBSG South Asia and WILD, Coimbatore, India.",Regional (multi-national)
94397,"Rhinolophus sinicus (Andersen, 1905)",Andersen's Rufous Horseshoe Bat,2002,Nepal,Status of South Asian Chiroptera: Conservation Assessment and Management Plan (C.A.M.P.) Workshop Report,IUCN,"Least Concern
LC","Molur, S., G. Marimuthu, C. Srinivasulu, S. Mistry, A.M. Hutson, P.J.J. Bates, S. Walker, K. Padma Priya and A.R. Binu Priya, editors. 2002. Status of South Asian Chiroptera: Conservation Assessment and Management Plan (C.A.M.P.) Workshop Report. Zoo Outreach Organisation, CBSG South Asia and WILD, Coimbatore, India.",National
94395,"Rhinolophus sinicus (Andersen, 1905)",Andersen's Rufous Horseshoe Bat,2002,"Nepal, India, Pakistan, Myanmar, Viet Nam, Thailand, Indonesia, Philippines (the), Singapore",Status of South Asian Chiroptera: Conservation Assessment and Management Plan (C.A.M.P.) Workshop Report,IUCN,"Least Concern
LC","Molur, S., G. Marimuthu, C. Srinivasulu, S. Mistry, A.M. Hutson, P.J.J. Bates, S. Walker, K. Padma Priya and A.R. Binu Priya, editors. 2002. Status of South Asian Chiroptera: Conservation Assessment and Management Plan (C.A.M.P.) Workshop Report. Zoo Outreach Organisation, CBSG South Asia and WILD, Coimbatore, India.",Regional (multi-national)
94394,"Rhinolophus subbadius Blyth, 1844","Bengali: Sadharan Gorakhuri Chamchika English: Chestnut Horseshoe Bat, Little Nepalese Horse-shoe bat",2002,Nepal,Status of South Asian Chiroptera: Conservation Assessment and Management Plan (C.A.M.P.) Workshop Report,IUCN,"Endangered
EN","Molur, S., G. Marimuthu, C. Srinivasulu, S. Mistry, A.M. Hutson, P.J.J. Bates, S. Walker, K. Padma Priya and A.R. Binu Priya, editors. 2002. Status of South Asian Chiroptera: Conservation Assessment and Management Plan (C.A.M.P.) Workshop Report. Zoo Outreach Organisation, CBSG South Asia and WILD, Coimbatore, India.",National
94390,"Rhinolophus subbadius Blyth, 1844","Bengali: Sadharan Gorakhuri Chamchika English: Chestnut Horseshoe Bat, Little Nepalese Horse-shoe bat",2002,"Nepal, India, Pakistan, Myanmar, Viet Nam, Thailand, Indonesia, Philippines (the), Singapore",Status of South Asian Chiroptera: Conservation Assessment and Management Plan (C.A.M.P.) Workshop Report,IUCN,"Vulnerable
VU","Molur, S., G. Marimuthu, C. Srinivasulu, S. Mistry, A.M. Hutson, P.J.J. Bates, S. Walker, K. Padma Priya and A.R. Binu Priya, editors. 2002. Status of South Asian Chiroptera: Conservation Assessment and Management Plan (C.A.M.P.) Workshop Report. Zoo Outreach Organisation, CBSG South Asia and WILD, Coimbatore, India.",Regional (multi-national)
94398,"Rhinolophus yunanensis Dobson, 1872","Asian Horseshoe Bat, Dobson's Horse-shoe Bat",2002,"Nepal, India, Pakistan, Myanmar, Viet Nam, Thailand, Indonesia, Philippines (the), Singapore",Status of South Asian Chiroptera: Conservation Assessment and Management Plan (C.A.M.P.) Workshop Report,IUCN,"Vulnerable
VU","Molur, S., G. Marimuthu, C. Srinivasulu, S. Mistry, A.M. Hutson, P.J.J. Bates, S. Walker, K. Padma Priya and A.R. Binu Priya, editors. 2002. Status of South Asian Chiroptera: Conservation Assessment and Management Plan (C.A.M.P.) Workshop Report. Zoo Outreach Organisation, CBSG South Asia and WILD, Coimbatore, India.",Regional (multi-national)
94431,"Rhinopoma hardwickii Gray, 1831",Bengali: Chhoto Indur-lenji Badur English: Lesser Mouse-tailed Bat,2002,"Nepal, India, Pakistan, Myanmar, Viet Nam, Thailand, Indonesia, Philippines (the), Singapore",Status of South Asian Chiroptera: Conservation Assessment and Management Plan (C.A.M.P.) Workshop Report,IUCN,"Least Concern
LC","Molur, S., G. Marimuthu, C. Srinivasulu, S. Mistry, A.M. Hutson, P.J.J. Bates, S. Walker, K. Padma Priya and A.R. Binu Priya, editors. 2002. Status of South Asian Chiroptera: Conservation Assessment and Management Plan (C.A.M.P.) Workshop Report. Zoo Outreach Organisation, CBSG South Asia and WILD, Coimbatore, India.",Regional (multi-national)
94436,"Rhinopoma microphyllum (Brünnich, 1782)",Bengali: Indur-lenji Chamchika English: Greater Mouse-tailed Bat,2002,"Nepal, India, Pakistan, Myanmar, Viet Nam, Thailand, Indonesia, Philippines (the), Singapore",Status of South Asian Chiroptera: Conservation Assessment and Management Plan (C.A.M.P.) Workshop Report,IUCN,"Least Concern
LC","Molur, S., G. Marimuthu, C. Srinivasulu, S. Mistry, A.M. Hutson, P.J.J. Bates, S. Walker, K. Padma Priya and A.R. Binu Priya, editors. 2002. Status of South Asian Chiroptera: Conservation Assessment and Management Plan (C.A.M.P.) Workshop Report. Zoo Outreach Organisation, CBSG South Asia and WILD, Coimbatore, India.",Regional (multi-national)
94441,"Rhinopoma muscatellum Thomas, 1903",Small mouse-tailed Bat,2002,"Nepal, India, Pakistan, Myanmar, Viet Nam, Thailand, Indonesia, Philippines (the), Singapore",Status of South Asian Chiroptera: Conservation Assessment and Management Plan (C.A.M.P.) Workshop Report,IUCN,"Near Threatened
NT","Molur, S., G. Marimuthu, C. Srinivasulu, S. Mistry, A.M. Hutson, P.J.J. Bates, S. Walker, K. Padma Priya and A.R. Binu Priya, editors. 2002. Status of South Asian Chiroptera: Conservation Assessment and Management Plan (C.A.M.P.) Workshop Report. Zoo Outreach Organisation, CBSG South Asia and WILD, Coimbatore, India.",Regional (multi-national)
94451,"Rousettus leschenaulti (Desmarest, 1820)",Bengali-Kola Badur English-Fulvous Fruit Bat,2002,Nepal,Status of South Asian Chiroptera: Conservation Assessment and Management Plan (C.A.M.P.) Workshop Report,IUCN,"Near Threatened
NT","Molur, S., G. Marimuthu, C. Srinivasulu, S. Mistry, A.M. Hutson, P.J.J. Bates, S. Walker, K. Padma Priya and A.R. Binu Priya, editors. 2002. Status of South Asian Chiroptera: Conservation Assessment and Management Plan (C.A.M.P.) Workshop Report. Zoo Outreach Organisation, CBSG South Asia and WILD, Coimbatore, India.",National
94446,"Rousettus leschenaulti (Desmarest, 1820)",Bengali-Kola Badur English-Fulvous Fruit Bat,2002,"Nepal, India, Pakistan, Myanmar, Viet Nam, Thailand, Indonesia, Philippines (the), Singapore",Status of South Asian Chiroptera: Conservation Assessment and Management Plan (C.A.M.P.) Workshop Report,IUCN,"Least Concern
LC","Molur, S., G. Marimuthu, C. Srinivasulu, S. Mistry, A.M. Hutson, P.J.J. Bates, S. Walker, K. Padma Priya and A.R. Binu Priya, editors. 2002. Status of South Asian Chiroptera: Conservation Assessment and Management Plan (C.A.M.P.) Workshop Report. Zoo Outreach Organisation, CBSG South Asia and WILD, Coimbatore, India.",Regional (multi-national)
94454,"Scotoecus pallidus (Dobson, 1876)",Desert Yellow Bat,2002,"Nepal, India, Pakistan, Myanmar, Viet Nam, Thailand, Indonesia, Philippines (the), Singapore",Status of South Asian Chiroptera: Conservation Assessment and Management Plan (C.A.M.P.) Workshop Report,IUCN,"Near Threatened
NT","Molur, S., G. Marimuthu, C. Srinivasulu, S. Mistry, A.M. Hutson, P.J.J. Bates, S. Walker, K. Padma Priya and A.R. Binu Priya, editors. 2002. Status of South Asian Chiroptera: Conservation Assessment and Management Plan (C.A.M.P.) Workshop Report. Zoo Outreach Organisation, CBSG South Asia and WILD, Coimbatore, India.",Regional (multi-national)
94461,"Scotomanes ornatus (Blyth, 1851)",Harlequin Bat,2002,Nepal,Status of South Asian Chiroptera: Conservation Assessment and Management Plan (C.A.M.P.) Workshop Report,IUCN,"Near Threatened
NT","Molur, S., G. Marimuthu, C. Srinivasulu, S. Mistry, A.M. Hutson, P.J.J. Bates, S. Walker, K. Padma Priya and A.R. Binu Priya, editors. 2002. Status of South Asian Chiroptera: Conservation Assessment and Management Plan (C.A.M.P.) Workshop Report. Zoo Outreach Organisation, CBSG South Asia and WILD, Coimbatore, India.",National
94457,"Scotomanes ornatus (Blyth, 1851)",Harlequin Bat,2002,"Nepal, India, Pakistan, Myanmar, Viet Nam, Thailand, Indonesia, Philippines (the), Singapore",Status of South Asian Chiroptera: Conservation Assessment and Management Plan (C.A.M.P.) Workshop Report,IUCN,"Least Concern
LC","Molur, S., G. Marimuthu, C. Srinivasulu, S. Mistry, A.M. Hutson, P.J.J. Bates, S. Walker, K. Padma Priya and A.R. Binu Priya, editors. 2002. Status of South Asian Chiroptera: Conservation Assessment and Management Plan (C.A.M.P.) Workshop Report. Zoo Outreach Organisation, CBSG South Asia and WILD, Coimbatore, India.",Regional (multi-national)
94468,"Scotophilus heathii Horsfield, 1831","Bengali-Bora Rongila Chamchika English-Asiatic Greater Yellow House Bat, Common Yellow Bat",2002,Nepal,Status of South Asian Chiroptera: Conservation Assessment and Management Plan (C.A.M.P.) Workshop Report,IUCN,"Least Concern
LC","Molur, S., G. Marimuthu, C. Srinivasulu, S. Mistry, A.M. Hutson, P.J.J. Bates, S. Walker, K. Padma Priya and A.R. Binu Priya, editors. 2002. Status of South Asian Chiroptera: Conservation Assessment and Management Plan (C.A.M.P.) Workshop Report. Zoo Outreach Organisation, CBSG South Asia and WILD, Coimbatore, India.",National
94462,"Scotophilus heathii Horsfield, 1831","Bengali-Bora Rongila Chamchika English-Asiatic Greater Yellow House Bat, Common Yellow Bat",2002,"Nepal, India, Pakistan, Myanmar, Viet Nam, Thailand, Indonesia, Philippines (the), Singapore",Status of South Asian Chiroptera: Conservation Assessment and Management Plan (C.A.M.P.) Workshop Report,IUCN,"Least Concern
LC","Molur, S., G. Marimuthu, C. Srinivasulu, S. Mistry, A.M. Hutson, P.J.J. Bates, S. Walker, K. Padma Priya and A.R. Binu Priya, editors. 2002. Status of South Asian Chiroptera: Conservation Assessment and Management Plan (C.A.M.P.) Workshop Report. Zoo Outreach Organisation, CBSG South Asia and WILD, Coimbatore, India.",Regional (multi-national)
94475,"Scotophilus kuhlii Leach, 1821",Bengali: Chhoto Holdi Chamchika English: Asiatic Lesser Yellow House Bat,2002,Nepal,Status of South Asian Chiroptera: Conservation Assessment and Management Plan (C.A.M.P.) Workshop Report,IUCN,"Near Threatened
NT","Molur, S., G. Marimuthu, C. Srinivasulu, S. Mistry, A.M. Hutson, P.J.J. Bates, S. Walker, K. Padma Priya and A.R. Binu Priya, editors. 2002. Status of South Asian Chiroptera: Conservation Assessment and Management Plan (C.A.M.P.) Workshop Report. Zoo Outreach Organisation, CBSG South Asia and WILD, Coimbatore, India.",National
94470,"Scotophilus kuhlii Leach, 1821",Bengali: Chhoto Holdi Chamchika English: Asiatic Lesser Yellow House Bat,2002,"Nepal, India, Pakistan, Myanmar, Viet Nam, Thailand, Indonesia, Philippines (the), Singapore",Status of South Asian Chiroptera: Conservation Assessment and Management Plan (C.A.M.P.) Workshop Report,IUCN,"Least Concern
LC","Molur, S., G. Marimuthu, C. Srinivasulu, S. Mistry, A.M. Hutson, P.J.J. Bates, S. Walker, K. Padma Priya and A.R. Binu Priya, editors. 2002. Status of South Asian Chiroptera: Conservation Assessment and Management Plan (C.A.M.P.) Workshop Report. Zoo Outreach Organisation, CBSG South Asia and WILD, Coimbatore, India.",Regional (multi-national)
94482,"Sphaerias blanfordi (Thomas, 1891)",Blanford's Fruit Bat,2002,Nepal,Status of South Asian Chiroptera: Conservation Assessment and Management Plan (C.A.M.P.) Workshop Report,IUCN,"Near Threatened
NT","Molur, S., G. Marimuthu, C. Srinivasulu, S. Mistry, A.M. Hutson, P.J.J. Bates, S. Walker, K. Padma Priya and A.R. Binu Priya, editors. 2002. Status of South Asian Chiroptera: Conservation Assessment and Management Plan (C.A.M.P.) Workshop Report. Zoo Outreach Organisation, CBSG South Asia and WILD, Coimbatore, India.",National
94478,"Sphaerias blanfordi (Thomas, 1891)",Blanford's Fruit Bat,2002,"Nepal, India, Pakistan, Myanmar, Viet Nam, Thailand, Indonesia, Philippines (the), Singapore",Status of South Asian Chiroptera: Conservation Assessment and Management Plan (C.A.M.P.) Workshop Report,IUCN,"Near Threatened
NT","Molur, S., G. Marimuthu, C. Srinivasulu, S. Mistry, A.M. Hutson, P.J.J. Bates, S. Walker, K. Padma Priya and A.R. Binu Priya, editors. 2002. Status of South Asian Chiroptera: Conservation Assessment and Management Plan (C.A.M.P.) Workshop Report. Zoo Outreach Organisation, CBSG South Asia and WILD, Coimbatore, India.",Regional (multi-national)
94483,"Tadarida aegyptiaca (E. Geoffroy, 1818)",Bengali-Lomba-leji Chamchika English-Egyptian Free-tailed Bat,2002,"Nepal, India, Pakistan, Myanmar, Viet Nam, Thailand, Indonesia, Philippines (the), Singapore",Status of South Asian Chiroptera: Conservation Assessment and Management Plan (C.A.M.P.) Workshop Report,IUCN,"Least Concern
LC","Molur, S., G. Marimuthu, C. Srinivasulu, S. Mistry, A.M. Hutson, P.J.J. Bates, S. Walker, K. Padma Priya and A.R. Binu Priya, editors. 2002. Status of South Asian Chiroptera: Conservation Assessment and Management Plan (C.A.M.P.) Workshop Report. Zoo Outreach Organisation, CBSG South Asia and WILD, Coimbatore, India.",Regional (multi-national)
94490,"Tadarida plicata (Buchannan, 1800)",Wrinkle-lipped Free-tailed Bat,2002,"Nepal, India, Pakistan, Myanmar, Viet Nam, Thailand, Indonesia, Philippines (the), Singapore",Status of South Asian Chiroptera: Conservation Assessment and Management Plan (C.A.M.P.) Workshop Report,IUCN,"Least Concern
LC","Molur, S., G. Marimuthu, C. Srinivasulu, S. Mistry, A.M. Hutson, P.J.J. Bates, S. Walker, K. Padma Priya and A.R. Binu Priya, editors. 2002. Status of South Asian Chiroptera: Conservation Assessment and Management Plan (C.A.M.P.) Workshop Report. Zoo Outreach Organisation, CBSG South Asia and WILD, Coimbatore, India.",Regional (multi-national)
94513,"Taphozous longimanus Hardwicke, 1825",Bengali-Tholeyjukta Chamchika English-Long-winged Tomb Bat,2002,Nepal,Status of South Asian Chiroptera: Conservation Assessment and Management Plan (C.A.M.P.) Workshop Report,IUCN,"Data Deficient
DD","Molur, S., G. Marimuthu, C. Srinivasulu, S. Mistry, A.M. Hutson, P.J.J. Bates, S. Walker, K. Padma Priya and A.R. Binu Priya, editors. 2002. Status of South Asian Chiroptera: Conservation Assessment and Management Plan (C.A.M.P.) Workshop Report. Zoo Outreach Organisation, CBSG South Asia and WILD, Coimbatore, India.",National
94509,"Taphozous longimanus Hardwicke, 1825",Bengali-Tholeyjukta Chamchika English-Long-winged Tomb Bat,2002,"Nepal, India, Pakistan, Myanmar, Viet Nam, Thailand, Indonesia, Philippines (the), Singapore",Status of South Asian Chiroptera: Conservation Assessment and Management Plan (C.A.M.P.) Workshop Report,IUCN,"Least Concern
LC","Molur, S., G. Marimuthu, C. Srinivasulu, S. Mistry, A.M. Hutson, P.J.J. Bates, S. Walker, K. Padma Priya and A.R. Binu Priya, editors. 2002. Status of South Asian Chiroptera: Conservation Assessment and Management Plan (C.A.M.P.) Workshop Report. Zoo Outreach Organisation, CBSG South Asia and WILD, Coimbatore, India.",Regional (multi-national)
94515,"Taphozous melanopogon Temminck, 1841",Bengali: Darijukta English: Black-bearded Tomb Bat,2002,"Nepal, India, Pakistan, Myanmar, Viet Nam, Thailand, Indonesia, Philippines (the), Singapore",Status of South Asian Chiroptera: Conservation Assessment and Management Plan (C.A.M.P.) Workshop Report,IUCN,"Least Concern
LC","Molur, S., G. Marimuthu, C. Srinivasulu, S. Mistry, A.M. Hutson, P.J.J. Bates, S. Walker, K. Padma Priya and A.R. Binu Priya, editors. 2002. Status of South Asian Chiroptera: Conservation Assessment and Management Plan (C.A.M.P.) Workshop Report. Zoo Outreach Organisation, CBSG South Asia and WILD, Coimbatore, India.",Regional (multi-national)
94494,"Taphozous nudiventris Cretzschmar, 1830",Naked-rumped Tomb Bat,2002,"Nepal, India, Pakistan, Myanmar, Viet Nam, Thailand, Indonesia, Philippines (the), Singapore",Status of South Asian Chiroptera: Conservation Assessment and Management Plan (C.A.M.P.) Workshop Report,IUCN,"Least Concern
LC","Molur, S., G. Marimuthu, C. Srinivasulu, S. Mistry, A.M. Hutson, P.J.J. Bates, S. Walker, K. Padma Priya and A.R. Binu Priya, editors. 2002. Status of South Asian Chiroptera: Conservation Assessment and Management Plan (C.A.M.P.) Workshop Report. Zoo Outreach Organisation, CBSG South Asia and WILD, Coimbatore, India.",Regional (multi-national)
94503,"Taphozous perforatus E. Geoffroy, 1818",Egyptian Tomb Bat,2002,"Nepal, India, Pakistan, Myanmar, Viet Nam, Thailand, Indonesia, Philippines (the), Singapore",Status of South Asian Chiroptera: Conservation Assessment and Management Plan (C.A.M.P.) Workshop Report,IUCN,"Least Concern
LC","Molur, S., G. Marimuthu, C. Srinivasulu, S. Mistry, A.M. Hutson, P.J.J. Bates, S. Walker, K. Padma Priya and A.R. Binu Priya, editors. 2002. Status of South Asian Chiroptera: Conservation Assessment and Management Plan (C.A.M.P.) Workshop Report. Zoo Outreach Organisation, CBSG South Asia and WILD, Coimbatore, India.",Regional (multi-national)
94499,"Taphozous saccolaimus Temminck, 1838",Bengali: Jhalor-leji Chamchika English: Pouch-bearing Bat,2002,"Nepal, India, Pakistan, Myanmar, Viet Nam, Thailand, Indonesia, Philippines (the), Singapore",Status of South Asian Chiroptera: Conservation Assessment and Management Plan (C.A.M.P.) Workshop Report,IUCN,"Least Concern
LC","Molur, S., G. Marimuthu, C. Srinivasulu, S. Mistry, A.M. Hutson, P.J.J. Bates, S. Walker, K. Padma Priya and A.R. Binu Priya, editors. 2002. Status of South Asian Chiroptera: Conservation Assessment and Management Plan (C.A.M.P.) Workshop Report. Zoo Outreach Organisation, CBSG South Asia and WILD, Coimbatore, India.",Regional (multi-national)
94506,"Taphozous theobaldi Dobson, 1872",Theobald's Bat,2002,"Nepal, India, Pakistan, Myanmar, Viet Nam, Thailand, Indonesia, Philippines (the), Singapore",Status of South Asian Chiroptera: Conservation Assessment and Management Plan (C.A.M.P.) Workshop Report,IUCN,"Vulnerable
VU","Molur, S., G. Marimuthu, C. Srinivasulu, S. Mistry, A.M. Hutson, P.J.J. Bates, S. Walker, K. Padma Priya and A.R. Binu Priya, editors. 2002. Status of South Asian Chiroptera: Conservation Assessment and Management Plan (C.A.M.P.) Workshop Report. Zoo Outreach Organisation, CBSG South Asia and WILD, Coimbatore, India.",Regional (multi-national)
94521,"Tylonycteris pachypus (Temminck, 1840)","Bamboo Bat, Club-footed Bat, Flat-headed Bat",2002,"Nepal, India, Pakistan, Myanmar, Viet Nam, Thailand, Indonesia, Philippines (the), Singapore",Status of South Asian Chiroptera: Conservation Assessment and Management Plan (C.A.M.P.) Workshop Report,IUCN,"Near Threatened
NT","Molur, S., G. Marimuthu, C. Srinivasulu, S. Mistry, A.M. Hutson, P.J.J. Bates, S. Walker, K. Padma Priya and A.R. Binu Priya, editors. 2002. Status of South Asian Chiroptera: Conservation Assessment and Management Plan (C.A.M.P.) Workshop Report. Zoo Outreach Organisation, CBSG South Asia and WILD, Coimbatore, India.",Regional (multi-national)
94526,"Vespertilio murinus Linnaeus, 1758",Particoloured Bat,2002,"Nepal, India, Pakistan, Myanmar, Viet Nam, Thailand, Indonesia, Philippines (the), Singapore",Status of South Asian Chiroptera: Conservation Assessment and Management Plan (C.A.M.P.) Workshop Report,IUCN,"Near Threatened
NT","Molur, S., G. Marimuthu, C. Srinivasulu, S. Mistry, A.M. Hutson, P.J.J. Bates, S. Walker, K. Padma Priya and A.R. Binu Priya, editors. 2002. Status of South Asian Chiroptera: Conservation Assessment and Management Plan (C.A.M.P.) Workshop Report. Zoo Outreach Organisation, CBSG South Asia and WILD, Coimbatore, India.",Regional (multi-national)
95017,"Hoolock hoolock (Harlan, 1834)","Western Hoolock, Hoolock Gibbon",2003,"Nepal, India, Pakistan, Myanmar, Viet Nam, Thailand, Indonesia, Philippines (the), Singapore",Status of South Asian Primates: Conservation Assessment and Management Plan (C.A.M.P.) Wokshop Report,IUCN,"Endangered
EN","Molur, S., D. Brandon-Jones, W. Dittus, A. Eudey, A. Kumar, M. Singh, M.M. Feeroz, M. Chalise, P. Priya and S. Walker, editors. 2003. Status of South Asian Primates: Conservation Assessment and Management Plan (C.A.M.P.) Wokshop Report. Zoo Outreach Organisation, CBSG-South Asia, Coimbatore, viii+432pp.",Regional (multi-national)
95026,"Macaca arctoides I. Geoffroy Saint-Hilaire, 1830","Bear Macaque, Red-faced Stump-tailed Macaque, Stump-tailed Macaque",2003,"Nepal, India, Pakistan, Myanmar, Viet Nam, Thailand, Indonesia, Philippines (the), Singapore",Status of South Asian Primates: Conservation Assessment and Management Plan (C.A.M.P.) Wokshop Report,IUCN,"Critically Endangered
CR","Molur, S., D. Brandon-Jones, W. Dittus, A. Eudey, A. Kumar, M. Singh, M.M. Feeroz, M. Chalise, P. Priya and S. Walker, editors. 2003. Status of South Asian Primates: Conservation Assessment and Management Plan (C.A.M.P.) Wokshop Report. Zoo Outreach Organisation, CBSG-South Asia, Coimbatore, viii+432pp.",Regional (multi-national)
95030,"Macaca assamensis assamensis (McClelland, 1839)","Assamese: Asomia molua; Barman: Jongak; Bhutia: Poi; Garo: Makre-dow; Lepcha: Sahu; Mizo: Zwongpu; Riyang: Taiman ukhra; English: Assam Macaque, Eastern Assamese Macaque",2003,"Nepal, India, Pakistan, Myanmar, Viet Nam, Thailand, Indonesia, Philippines (the), Singapore",Status of South Asian Primates: Conservation Assessment and Management Plan (C.A.M.P.) Wokshop Report,IUCN,"Endangered
EN","Molur, S., D. Brandon-Jones, W. Dittus, A. Eudey, A. Kumar, M. Singh, M.M. Feeroz, M. Chalise, P. Priya and S. Walker, editors. 2003. Status of South Asian Primates: Conservation Assessment and Management Plan (C.A.M.P.) Wokshop Report. Zoo Outreach Organisation, CBSG-South Asia, Coimbatore, viii+432pp.",Regional (multi-national)
95033,"Macaca assamensis pelops (Hodgson, 1841)","Bengali: Assame bandar, Pahari bandar; Bhotia: Pio; Lepcha: Sahu; Myanmari: Myauk-sar; English: Western Assamese Macaque",2003,"Nepal, India, Pakistan, Myanmar, Viet Nam, Thailand, Indonesia, Philippines (the), Singapore",Status of South Asian Primates: Conservation Assessment and Management Plan (C.A.M.P.) Wokshop Report,IUCN,"Endangered
EN","Molur, S., D. Brandon-Jones, W. Dittus, A. Eudey, A. Kumar, M. Singh, M.M. Feeroz, M. Chalise, P. Priya and S. Walker, editors. 2003. Status of South Asian Primates: Conservation Assessment and Management Plan (C.A.M.P.) Wokshop Report. Zoo Outreach Organisation, CBSG-South Asia, Coimbatore, viii+432pp.",Regional (multi-national)
95038,"Macaca leonina (Blyth, 1863)","Assamese: Gahari nejia bandar; Bengali: Baraholeji banar; Bengali (in Bangladesh): Chhotoleji banar; Garo: Peko; Mizo: Zawangmuat; Naga: Kangh; Nepali: Sungur puchero bandar; Riyang: Stongbora; English: Burmese Pig-tailed Macaque, Long-haired Pig-tailed Macaque, Northern Pig-tailed Macaque",2003,"Nepal, India, Pakistan, Myanmar, Viet Nam, Thailand, Indonesia, Philippines (the), Singapore",Status of South Asian Primates: Conservation Assessment and Management Plan (C.A.M.P.) Wokshop Report,IUCN,"Endangered
EN","Molur, S., D. Brandon-Jones, W. Dittus, A. Eudey, A. Kumar, M. Singh, M.M. Feeroz, M. Chalise, P. Priya and S. Walker, editors. 2003. Status of South Asian Primates: Conservation Assessment and Management Plan (C.A.M.P.) Wokshop Report. Zoo Outreach Organisation, CBSG-South Asia, Coimbatore, viii+432pp.",Regional (multi-national)
95041,"Macaca mulatta mulatta (Zimmermann, 1780)","Bengali: Banar; Hindi: Bandar, Lal bandar, Lal mukh ka bandar, Lal mukhwala bandar; Hindko: Baojha; Marathi: Makad; Nepali: Rato Bandar, Hajaria Bandar; Oriya: Mankad; Pashto: Shado, Beszoo; Rai: Pupa; Telugu: Kothi; Urdu: Bandur; English: Indian Rhesus Macaque, Rhesus Monkey",2003,"Nepal, India, Pakistan, Myanmar, Viet Nam, Thailand, Indonesia, Philippines (the), Singapore",Status of South Asian Primates: Conservation Assessment and Management Plan (C.A.M.P.) Wokshop Report,IUCN,"Least Concern
LC","Molur, S., D. Brandon-Jones, W. Dittus, A. Eudey, A. Kumar, M. Singh, M.M. Feeroz, M. Chalise, P. Priya and S. Walker, editors. 2003. Status of South Asian Primates: Conservation Assessment and Management Plan (C.A.M.P.) Wokshop Report. Zoo Outreach Organisation, CBSG-South Asia, Coimbatore, viii+432pp.",Regional (multi-national)
95045,"Macaca mulatta mulatta (Zimmermann, 1780)","Bengali: Banar; Hindi: Bandar, Lal bandar, Lal mukh ka bandar, Lal mukhwala bandar; Hindko: Baojha; Marathi: Makad; Nepali: Rato Bandar, Hajaria Bandar; Oriya: Mankad; Pashto: Shado, Beszoo; Rai: Pupa; Telugu: Kothi; Urdu: Bandur; English: Indian Rhesus Macaque, Rhesus Monkey",2003,Nepal,Status of South Asian Primates: Conservation Assessment and Management Plan (C.A.M.P.) Wokshop Report,IUCN,"Near Threatened (Downlisted from Endangered)
NT°","Molur, S., D. Brandon-Jones, W. Dittus, A. Eudey, A. Kumar, M. Singh, M.M. Feeroz, M. Chalise, P. Priya and S. Walker, editors. 2003. Status of South Asian Primates: Conservation Assessment and Management Plan (C.A.M.P.) Wokshop Report. Zoo Outreach Organisation, CBSG-South Asia, Coimbatore, viii+432pp.",National
95053,"Nycticebus bengalensis (Lacépede, 1800)","Assamese: Lajuki bandar; Bengali: Lajiwati bandar; Hindi: Sharimindi billi; Nepali: Lajbarti bandar; English: Bengal Loris, Bengal Slow Loris, Northern Slow Loris, Slow Loris",2003,"Nepal, India, Pakistan, Myanmar, Viet Nam, Thailand, Indonesia, Philippines (the), Singapore",Status of South Asian Primates: Conservation Assessment and Management Plan (C.A.M.P.) Wokshop Report,IUCN,"Data Deficient
DD","Molur, S., D. Brandon-Jones, W. Dittus, A. Eudey, A. Kumar, M. Singh, M.M. Feeroz, M. Chalise, P. Priya and S. Walker, editors. 2003. Status of South Asian Primates: Conservation Assessment and Management Plan (C.A.M.P.) Wokshop Report. Zoo Outreach Organisation, CBSG-South Asia, Coimbatore, viii+432pp.",Regional (multi-national)
95058,"Semnopithecus ajax (Pocock, 1928)","Hindi: Goli, Hanuman langur; Oriya: Hanu Mankara; English: Himalayan Grey Langur, Western Himalayan Langur",2003,"Nepal, India, Pakistan, Myanmar, Viet Nam, Thailand, Indonesia, Philippines (the), Singapore",Status of South Asian Primates: Conservation Assessment and Management Plan (C.A.M.P.) Wokshop Report,IUCN,"Critically Endangered
CR","Molur, S., D. Brandon-Jones, W. Dittus, A. Eudey, A. Kumar, M. Singh, M.M. Feeroz, M. Chalise, P. Priya and S. Walker, editors. 2003. Status of South Asian Primates: Conservation Assessment and Management Plan (C.A.M.P.) Wokshop Report. Zoo Outreach Organisation, CBSG-South Asia, Coimbatore, viii+432pp.",Regional (multi-national)
95060,"Semnopithecus ajax (Pocock, 1928)","Hindi: Goli, Hanuman langur; Oriya: Hanu Mankara; English: Himalayan Grey Langur, Western Himalayan Langur",2003,Nepal,Status of South Asian Primates: Conservation Assessment and Management Plan (C.A.M.P.) Wokshop Report,IUCN,"Critically Endangered
CR","Molur, S., D. Brandon-Jones, W. Dittus, A. Eudey, A. Kumar, M. Singh, M.M. Feeroz, M. Chalise, P. Priya and S. Walker, editors. 2003. Status of South Asian Primates: Conservation Assessment and Management Plan (C.A.M.P.) Wokshop Report. Zoo Outreach Organisation, CBSG-South Asia, Coimbatore, viii+432pp.",National
95062,"Semnopithecus entellus (Dufresne, 1797)","English: Bengal Hanuman Langur, Northern Plains Gray Langur",2003,"Nepal, India, Pakistan, Myanmar, Viet Nam, Thailand, Indonesia, Philippines (the), Singapore",Status of South Asian Primates: Conservation Assessment and Management Plan (C.A.M.P.) Wokshop Report,IUCN,"Near Threatened
NT","Molur, S., D. Brandon-Jones, W. Dittus, A. Eudey, A. Kumar, M. Singh, M.M. Feeroz, M. Chalise, P. Priya and S. Walker, editors. 2003. Status of South Asian Primates: Conservation Assessment and Management Plan (C.A.M.P.) Wokshop Report. Zoo Outreach Organisation, CBSG-South Asia, Coimbatore, viii+432pp.",Regional (multi-national)
95065,"Semnopithecus hector (Pocock, 1928)","Nepali: Kalomukhe Bandar, Lampuchhre Badar, Phetawal Langur; Tharu: Kaldhaure, Guna; English: Gray Langur, Hanuman Langur, Lesser Hill Langur",2003,"Nepal, India, Pakistan, Myanmar, Viet Nam, Thailand, Indonesia, Philippines (the), Singapore",Status of South Asian Primates: Conservation Assessment and Management Plan (C.A.M.P.) Wokshop Report,IUCN,"Endangered
EN","Molur, S., D. Brandon-Jones, W. Dittus, A. Eudey, A. Kumar, M. Singh, M.M. Feeroz, M. Chalise, P. Priya and S. Walker, editors. 2003. Status of South Asian Primates: Conservation Assessment and Management Plan (C.A.M.P.) Wokshop Report. Zoo Outreach Organisation, CBSG-South Asia, Coimbatore, viii+432pp.",Regional (multi-national)
95067,"Semnopithecus hector (Pocock, 1928)","Nepali: Kalomukhe Bandar, Lampuchhre Badar, Phetawal Langur; Tharu: Kaldhaure, Guna; English: Gray Langur, Hanuman Langur, Lesser Hill Langur",2003,Nepal,Status of South Asian Primates: Conservation Assessment and Management Plan (C.A.M.P.) Wokshop Report,IUCN,"Critically Endangered (Uplisted from Endangered)
CR°","Molur, S., D. Brandon-Jones, W. Dittus, A. Eudey, A. Kumar, M. Singh, M.M. Feeroz, M. Chalise, P. Priya and S. Walker, editors. 2003. Status of South Asian Primates: Conservation Assessment and Management Plan (C.A.M.P.) Wokshop Report. Zoo Outreach Organisation, CBSG-South Asia, Coimbatore, viii+432pp.",National
95069,"Semnopithecus schistaceus Hodgson, 1841","Nepali: Kalomukhe Bandar, Lampuchhre Bandar, Phetawal Bandar; Tamang: Preken; Tharu: Kaldhaure; English: Central Himalayan Langur, Hanuman Langur, Nepal Gray Langur",2003,"Nepal, India, Pakistan, Myanmar, Viet Nam, Thailand, Indonesia, Philippines (the), Singapore",Status of South Asian Primates: Conservation Assessment and Management Plan (C.A.M.P.) Wokshop Report,IUCN,"Near Threatened
NT","Molur, S., D. Brandon-Jones, W. Dittus, A. Eudey, A. Kumar, M. Singh, M.M. Feeroz, M. Chalise, P. Priya and S. Walker, editors. 2003. Status of South Asian Primates: Conservation Assessment and Management Plan (C.A.M.P.) Wokshop Report. Zoo Outreach Organisation, CBSG-South Asia, Coimbatore, viii+432pp.",Regional (multi-national)
95072,"Semnopithecus schistaceus Hodgson, 1841","Nepali: Kalomukhe Bandar, Lampuchhre Bandar, Phetawal Bandar; Tamang: Preken; Tharu: Kaldhaure; English: Central Himalayan Langur, Hanuman Langur, Nepal Gray Langur",2003,Nepal,Status of South Asian Primates: Conservation Assessment and Management Plan (C.A.M.P.) Wokshop Report,IUCN,"Near Threatened
NT","Molur, S., D. Brandon-Jones, W. Dittus, A. Eudey, A. Kumar, M. Singh, M.M. Feeroz, M. Chalise, P. Priya and S. Walker, editors. 2003. Status of South Asian Primates: Conservation Assessment and Management Plan (C.A.M.P.) Wokshop Report. Zoo Outreach Organisation, CBSG-South Asia, Coimbatore, viii+432pp.",National
95078,"Trachypithecus geei (Ali and Santapau, 1956)","Assamese: Sonali bandar; Bengali: Sonali-bandar; Bodo: Mokre gophur; Hindi: Sunheara bandar; Nepali: Sunaulo bandar, Sugrib; English: Gee's Golden Langur, Golden Leaf Monkey",2003,"Nepal, India, Pakistan, Myanmar, Viet Nam, Thailand, Indonesia, Philippines (the), Singapore",Status of South Asian Primates: Conservation Assessment and Management Plan (C.A.M.P.) Wokshop Report,IUCN,"Endangered
EN","Molur, S., D. Brandon-Jones, W. Dittus, A. Eudey, A. Kumar, M. Singh, M.M. Feeroz, M. Chalise, P. Priya and S. Walker, editors. 2003. Status of South Asian Primates: Conservation Assessment and Management Plan (C.A.M.P.) Wokshop Report. Zoo Outreach Organisation, CBSG-South Asia, Coimbatore, viii+432pp.",Regional (multi-national)
95081,"Trachypithecus obscurus phayrei (Blyth, 1847)","Assamese: Chashma Bandar; Bengali: Chashma Bandar; Bengali in Bangladesh: Chashma pora hanuman; Mizo: Dawr; Nepali: Chasme Bandar; English: Phayre's Langur, Phayre's Leaf Monkey",2003,"Nepal, India, Pakistan, Myanmar, Viet Nam, Thailand, Indonesia, Philippines (the), Singapore",Status of South Asian Primates: Conservation Assessment and Management Plan (C.A.M.P.) Wokshop Report,IUCN,"Endangered
EN","Molur, S., D. Brandon-Jones, W. Dittus, A. Eudey, A. Kumar, M. Singh, M.M. Feeroz, M. Chalise, P. Priya and S. Walker, editors. 2003. Status of South Asian Primates: Conservation Assessment and Management Plan (C.A.M.P.) Wokshop Report. Zoo Outreach Organisation, CBSG-South Asia, Coimbatore, viii+432pp.",Regional (multi-national)
95085,"Trachypithecus pileatus durga (Wroughton, 1916)","Assamese: Topimuria bandar; Bengali: Topi bengali; Garo: Rangol; Hindi: Topi wala Bandar; Khasi: Tongo; English: Capped Langur, Orange-bellied Capped Leaf Monkey",2003,"Nepal, India, Pakistan, Myanmar, Viet Nam, Thailand, Indonesia, Philippines (the), Singapore",Status of South Asian Primates: Conservation Assessment and Management Plan (C.A.M.P.) Wokshop Report,IUCN,"Endangered
EN","Molur, S., D. Brandon-Jones, W. Dittus, A. Eudey, A. Kumar, M. Singh, M.M. Feeroz, M. Chalise, P. Priya and S. Walker, editors. 2003. Status of South Asian Primates: Conservation Assessment and Management Plan (C.A.M.P.) Wokshop Report. Zoo Outreach Organisation, CBSG-South Asia, Coimbatore, viii+432pp.",Regional (multi-national)
95088,"Trachypithecus pileatus pileatus (Blyth, 1843)","Assamese: Tupimuria bandar; Bengali: Mukpori Hanuman; Bengali: Topi-bandar; Garo: Rangel; Hindi: Topiwala bandar; Khasi: Tongo; Mizo: Ngau; English: Blonde-bellied Capped Leaf Monkey, Capped Langur",2003,"Nepal, India, Pakistan, Myanmar, Viet Nam, Thailand, Indonesia, Philippines (the), Singapore",Status of South Asian Primates: Conservation Assessment and Management Plan (C.A.M.P.) Wokshop Report,IUCN,"Endangered
EN","Molur, S., D. Brandon-Jones, W. Dittus, A. Eudey, A. Kumar, M. Singh, M.M. Feeroz, M. Chalise, P. Priya and S. Walker, editors. 2003. Status of South Asian Primates: Conservation Assessment and Management Plan (C.A.M.P.) Wokshop Report. Zoo Outreach Organisation, CBSG-South Asia, Coimbatore, viii+432pp.",Regional (multi-national)
95089,"Trachypithecus pileatus tenebricus (Hinton, 1923)","Assamese: Tupimuria bandar; Bengali: Topi banar; Bodo: Golija makhre; Hindi: Topi wala bandar; English: Capped Langur, Tenebrous Capped Leaf Monkey",2003,"Nepal, India, Pakistan, Myanmar, Viet Nam, Thailand, Indonesia, Philippines (the), Singapore",Status of South Asian Primates: Conservation Assessment and Management Plan (C.A.M.P.) Wokshop Report,IUCN,"Endangered
EN","Molur, S., D. Brandon-Jones, W. Dittus, A. Eudey, A. Kumar, M. Singh, M.M. Feeroz, M. Chalise, P. Priya and S. Walker, editors. 2003. Status of South Asian Primates: Conservation Assessment and Management Plan (C.A.M.P.) Wokshop Report. Zoo Outreach Organisation, CBSG-South Asia, Coimbatore, viii+432pp.",Regional (multi-national)
94529,"Acomys dimidiatus Cretzschmar, 1826",Arabian Spiny Mouse,2005,"Nepal, India, Pakistan, Myanmar, Viet Nam, Thailand, Indonesia, Philippines (the), Singapore",Status of South Asian Non-volant Small Mammals: Conservation Assessment and Management Plan (C.A.M.P.) Workshop Report,IUCN,"Least Concern
LC","Sanjay Molur, C. Srinivasulu, Bhargavi Srinivasulu, Sally Walker, P.O. Nameer and Latha Ravikumar (2005). Status of South Asian Non-volant Small Mammals: Conservation Assessment and Management Plan (C.A.M.P.) Workshop Report. Zoo Outreach Organisation / CBSG-South Asia, Coimbatore, India, 618pp.",Regional (multi-national)
94530,"Allactaga elater Lichtenstein, 1828",Small Five-toed Jerboa,2005,"Nepal, India, Pakistan, Myanmar, Viet Nam, Thailand, Indonesia, Philippines (the), Singapore",Status of South Asian Non-volant Small Mammals: Conservation Assessment and Management Plan (C.A.M.P.) Workshop Report,IUCN,"Least Concern
LC","Sanjay Molur, C. Srinivasulu, Bhargavi Srinivasulu, Sally Walker, P.O. Nameer and Latha Ravikumar (2005). Status of South Asian Non-volant Small Mammals: Conservation Assessment and Management Plan (C.A.M.P.) Workshop Report. Zoo Outreach Organisation / CBSG-South Asia, Coimbatore, India, 618pp.",Regional (multi-national)
94531,"Allactaga hotsoni Thomas, 1920",Hotson's Five-toed Jerboa,2005,"Nepal, India, Pakistan, Myanmar, Viet Nam, Thailand, Indonesia, Philippines (the), Singapore",Status of South Asian Non-volant Small Mammals: Conservation Assessment and Management Plan (C.A.M.P.) Workshop Report,IUCN,"Least Concern
LC","Sanjay Molur, C. Srinivasulu, Bhargavi Srinivasulu, Sally Walker, P.O. Nameer and Latha Ravikumar (2005). Status of South Asian Non-volant Small Mammals: Conservation Assessment and Management Plan (C.A.M.P.) Workshop Report. Zoo Outreach Organisation / CBSG-South Asia, Coimbatore, India, 618pp.",Regional (multi-national)
94533,"Alticola argentatus Severtzov, 1879",Silver Mountain Vole,2005,"Nepal, India, Pakistan, Myanmar, Viet Nam, Thailand, Indonesia, Philippines (the), Singapore",Status of South Asian Non-volant Small Mammals: Conservation Assessment and Management Plan (C.A.M.P.) Workshop Report,IUCN,"Least Concern
LC","Sanjay Molur, C. Srinivasulu, Bhargavi Srinivasulu, Sally Walker, P.O. Nameer and Latha Ravikumar (2005). Status of South Asian Non-volant Small Mammals: Conservation Assessment and Management Plan (C.A.M.P.) Workshop Report. Zoo Outreach Organisation / CBSG-South Asia, Coimbatore, India, 618pp.",Regional (multi-national)
94537,"Alticola montosa True, 1894","True's Vole, Kashmir Mountain Vole",2005,"Nepal, India, Pakistan, Myanmar, Viet Nam, Thailand, Indonesia, Philippines (the), Singapore",Status of South Asian Non-volant Small Mammals: Conservation Assessment and Management Plan (C.A.M.P.) Workshop Report,IUCN,"Near Threatened
NT","Sanjay Molur, C. Srinivasulu, Bhargavi Srinivasulu, Sally Walker, P.O. Nameer and Latha Ravikumar (2005). Status of South Asian Non-volant Small Mammals: Conservation Assessment and Management Plan (C.A.M.P.) Workshop Report. Zoo Outreach Organisation / CBSG-South Asia, Coimbatore, India, 618pp.",Regional (multi-national)
94542,"Alticola stoliczkanus Blanford, 1875","Stoliczka's Vole, Stoliczka's Mountain Vole",2005,Nepal,Status of South Asian Non-volant Small Mammals: Conservation Assessment and Management Plan (C.A.M.P.) Workshop Report,IUCN,"Near Threatened (Downlisted from Vulnerable)
NT°","Sanjay Molur, C. Srinivasulu, Bhargavi Srinivasulu, Sally Walker, P.O. Nameer and Latha Ravikumar (2005). Status of South Asian Non-volant Small Mammals: Conservation Assessment and Management Plan (C.A.M.P.) Workshop Report. Zoo Outreach Organisation / CBSG-South Asia, Coimbatore, India, 618pp.",National
94541,"Alticola stoliczkanus Blanford, 1875","Stoliczka's Vole, Stoliczka's Mountain Vole",2005,"Nepal, India, Pakistan, Myanmar, Viet Nam, Thailand, Indonesia, Philippines (the), Singapore",Status of South Asian Non-volant Small Mammals: Conservation Assessment and Management Plan (C.A.M.P.) Workshop Report,IUCN,"Least Concern
LC","Sanjay Molur, C. Srinivasulu, Bhargavi Srinivasulu, Sally Walker, P.O. Nameer and Latha Ravikumar (2005). Status of South Asian Non-volant Small Mammals: Conservation Assessment and Management Plan (C.A.M.P.) Workshop Report. Zoo Outreach Organisation / CBSG-South Asia, Coimbatore, India, 618pp.",Regional (multi-national)
94546,"Alticola stracheyi Thomas, 1880","Thomas's Short-tailed Vole, Thomas's Mountain Vole",2005,Nepal,Status of South Asian Non-volant Small Mammals: Conservation Assessment and Management Plan (C.A.M.P.) Workshop Report,IUCN,"Least Concern
LC","Sanjay Molur, C. Srinivasulu, Bhargavi Srinivasulu, Sally Walker, P.O. Nameer and Latha Ravikumar (2005). Status of South Asian Non-volant Small Mammals: Conservation Assessment and Management Plan (C.A.M.P.) Workshop Report. Zoo Outreach Organisation / CBSG-South Asia, Coimbatore, India, 618pp.",National
94545,"Alticola stracheyi Thomas, 1880","Thomas's Short-tailed Vole, Thomas's Mountain Vole",2005,"Nepal, India, Pakistan, Myanmar, Viet Nam, Thailand, Indonesia, Philippines (the), Singapore",Status of South Asian Non-volant Small Mammals: Conservation Assessment and Management Plan (C.A.M.P.) Workshop Report,IUCN,"Least Concern
LC","Sanjay Molur, C. Srinivasulu, Bhargavi Srinivasulu, Sally Walker, P.O. Nameer and Latha Ravikumar (2005). Status of South Asian Non-volant Small Mammals: Conservation Assessment and Management Plan (C.A.M.P.) Workshop Report. Zoo Outreach Organisation / CBSG-South Asia, Coimbatore, India, 618pp.",Regional (multi-national)
94549,"Anourosorex squamipes Milne-Edwards, 1872",Mole-Shrew,2005,"Nepal, India, Pakistan, Myanmar, Viet Nam, Thailand, Indonesia, Philippines (the), Singapore",Status of South Asian Non-volant Small Mammals: Conservation Assessment and Management Plan (C.A.M.P.) Workshop Report,IUCN,"Least Concern
LC","Sanjay Molur, C. Srinivasulu, Bhargavi Srinivasulu, Sally Walker, P.O. Nameer and Latha Ravikumar (2005). Status of South Asian Non-volant Small Mammals: Conservation Assessment and Management Plan (C.A.M.P.) Workshop Report. Zoo Outreach Organisation / CBSG-South Asia, Coimbatore, India, 618pp.",Regional (multi-national)
94553,"Apodemus gurkha Thomas, 1924",Himalayan Wood Mouse,2005,Nepal,Status of South Asian Non-volant Small Mammals: Conservation Assessment and Management Plan (C.A.M.P.) Workshop Report,IUCN,"Endangered
EN","Sanjay Molur, C. Srinivasulu, Bhargavi Srinivasulu, Sally Walker, P.O. Nameer and Latha Ravikumar (2005). Status of South Asian Non-volant Small Mammals: Conservation Assessment and Management Plan (C.A.M.P.) Workshop Report. Zoo Outreach Organisation / CBSG-South Asia, Coimbatore, India, 618pp.",National
94558,"Apodemus sylvaticus Linnaeus, 1758","Wood Mouse ­, Field Mouse",2005,Nepal,Status of South Asian Non-volant Small Mammals: Conservation Assessment and Management Plan (C.A.M.P.) Workshop Report,IUCN,"Near Threatened (Downlisted from Vulnerable)
NT°","Sanjay Molur, C. Srinivasulu, Bhargavi Srinivasulu, Sally Walker, P.O. Nameer and Latha Ravikumar (2005). Status of South Asian Non-volant Small Mammals: Conservation Assessment and Management Plan (C.A.M.P.) Workshop Report. Zoo Outreach Organisation / CBSG-South Asia, Coimbatore, India, 618pp.",National
94556,"Apodemus sylvaticus Linnaeus, 1758","Wood Mouse ­, Field Mouse",2005,"Nepal, India, Pakistan, Myanmar, Viet Nam, Thailand, Indonesia, Philippines (the), Singapore",Status of South Asian Non-volant Small Mammals: Conservation Assessment and Management Plan (C.A.M.P.) Workshop Report,IUCN,"Least Concern
LC","Sanjay Molur, C. Srinivasulu, Bhargavi Srinivasulu, Sally Walker, P.O. Nameer and Latha Ravikumar (2005). Status of South Asian Non-volant Small Mammals: Conservation Assessment and Management Plan (C.A.M.P.) Workshop Report. Zoo Outreach Organisation / CBSG-South Asia, Coimbatore, India, 618pp.",Regional (multi-national)
94560,"Atherurus macrourus Linnaeus, 1758",Asiatic Brush-tailed Porcupine,2005,"Nepal, India, Pakistan, Myanmar, Viet Nam, Thailand, Indonesia, Philippines (the), Singapore",Status of South Asian Non-volant Small Mammals: Conservation Assessment and Management Plan (C.A.M.P.) Workshop Report,IUCN,"Near Threatened
NT","Sanjay Molur, C. Srinivasulu, Bhargavi Srinivasulu, Sally Walker, P.O. Nameer and Latha Ravikumar (2005). Status of South Asian Non-volant Small Mammals: Conservation Assessment and Management Plan (C.A.M.P.) Workshop Report. Zoo Outreach Organisation / CBSG-South Asia, Coimbatore, India, 618pp.",Regional (multi-national)
94566,"Bandicota bengalensis Gray & Hardwicke, 1833",Lesser Bandicoot-Rat,2005,Nepal,Status of South Asian Non-volant Small Mammals: Conservation Assessment and Management Plan (C.A.M.P.) Workshop Report,IUCN,"Least Concern
LC","Sanjay Molur, C. Srinivasulu, Bhargavi Srinivasulu, Sally Walker, P.O. Nameer and Latha Ravikumar (2005). Status of South Asian Non-volant Small Mammals: Conservation Assessment and Management Plan (C.A.M.P.) Workshop Report. Zoo Outreach Organisation / CBSG-South Asia, Coimbatore, India, 618pp.",National
94564,"Bandicota bengalensis Gray & Hardwicke, 1833",Lesser Bandicoot-Rat,2005,"Nepal, India, Pakistan, Myanmar, Viet Nam, Thailand, Indonesia, Philippines (the), Singapore",Status of South Asian Non-volant Small Mammals: Conservation Assessment and Management Plan (C.A.M.P.) Workshop Report,IUCN,"Least Concern
LC","Sanjay Molur, C. Srinivasulu, Bhargavi Srinivasulu, Sally Walker, P.O. Nameer and Latha Ravikumar (2005). Status of South Asian Non-volant Small Mammals: Conservation Assessment and Management Plan (C.A.M.P.) Workshop Report. Zoo Outreach Organisation / CBSG-South Asia, Coimbatore, India, 618pp.",Regional (multi-national)
94571,"Bandicota indica Bechstein, 1800",Large Bandicoot-Rat,2005,Nepal,Status of South Asian Non-volant Small Mammals: Conservation Assessment and Management Plan (C.A.M.P.) Workshop Report,IUCN,"Least Concern
LC","Sanjay Molur, C. Srinivasulu, Bhargavi Srinivasulu, Sally Walker, P.O. Nameer and Latha Ravikumar (2005). Status of South Asian Non-volant Small Mammals: Conservation Assessment and Management Plan (C.A.M.P.) Workshop Report. Zoo Outreach Organisation / CBSG-South Asia, Coimbatore, India, 618pp.",National
94570,"Bandicota indica Bechstein, 1800",Large Bandicoot-Rat,2005,"Nepal, India, Pakistan, Myanmar, Viet Nam, Thailand, Indonesia, Philippines (the), Singapore",Status of South Asian Non-volant Small Mammals: Conservation Assessment and Management Plan (C.A.M.P.) Workshop Report,IUCN,"Least Concern
LC","Sanjay Molur, C. Srinivasulu, Bhargavi Srinivasulu, Sally Walker, P.O. Nameer and Latha Ravikumar (2005). Status of South Asian Non-volant Small Mammals: Conservation Assessment and Management Plan (C.A.M.P.) Workshop Report. Zoo Outreach Organisation / CBSG-South Asia, Coimbatore, India, 618pp.",Regional (multi-national)
94576,"Belomys pearsonii Gray, 1842",Hairy-footed Flying Squirrel,2005,Nepal,Status of South Asian Non-volant Small Mammals: Conservation Assessment and Management Plan (C.A.M.P.) Workshop Report,IUCN,"Endangered
EN","Sanjay Molur, C. Srinivasulu, Bhargavi Srinivasulu, Sally Walker, P.O. Nameer and Latha Ravikumar (2005). Status of South Asian Non-volant Small Mammals: Conservation Assessment and Management Plan (C.A.M.P.) Workshop Report. Zoo Outreach Organisation / CBSG-South Asia, Coimbatore, India, 618pp.",National
94575,"Belomys pearsonii Gray, 1842",Hairy-footed Flying Squirrel,2005,"Nepal, India, Pakistan, Myanmar, Viet Nam, Thailand, Indonesia, Philippines (the), Singapore",Status of South Asian Non-volant Small Mammals: Conservation Assessment and Management Plan (C.A.M.P.) Workshop Report,IUCN,"Vulnerable
VU","Sanjay Molur, C. Srinivasulu, Bhargavi Srinivasulu, Sally Walker, P.O. Nameer and Latha Ravikumar (2005). Status of South Asian Non-volant Small Mammals: Conservation Assessment and Management Plan (C.A.M.P.) Workshop Report. Zoo Outreach Organisation / CBSG-South Asia, Coimbatore, India, 618pp.",Regional (multi-national)
94583,"Callosciurus erythraeus Pallas, 1799","Pallas' Squirrel, Red-bellied Squirrel",2005,"Nepal, India, Pakistan, Myanmar, Viet Nam, Thailand, Indonesia, Philippines (the), Singapore",Status of South Asian Non-volant Small Mammals: Conservation Assessment and Management Plan (C.A.M.P.) Workshop Report,IUCN,"Least Concern
LC","Sanjay Molur, C. Srinivasulu, Bhargavi Srinivasulu, Sally Walker, P.O. Nameer and Latha Ravikumar (2005). Status of South Asian Non-volant Small Mammals: Conservation Assessment and Management Plan (C.A.M.P.) Workshop Report. Zoo Outreach Organisation / CBSG-South Asia, Coimbatore, India, 618pp.",Regional (multi-national)
94588,"Callosciurus pygerythrus I. G. Saint-Hilaire, 1831","Irrawady Squirrel, Hoary-bellied Himalayan Squirrel, Hoary-bellied Squirrel",2005,Nepal,Status of South Asian Non-volant Small Mammals: Conservation Assessment and Management Plan (C.A.M.P.) Workshop Report,IUCN,"Least Concern
LC","Sanjay Molur, C. Srinivasulu, Bhargavi Srinivasulu, Sally Walker, P.O. Nameer and Latha Ravikumar (2005). Status of South Asian Non-volant Small Mammals: Conservation Assessment and Management Plan (C.A.M.P.) Workshop Report. Zoo Outreach Organisation / CBSG-South Asia, Coimbatore, India, 618pp.",National
94587,"Callosciurus pygerythrus I. G. Saint-Hilaire, 1831","Irrawady Squirrel, Hoary-bellied Himalayan Squirrel, Hoary-bellied Squirrel",2005,"Nepal, India, Pakistan, Myanmar, Viet Nam, Thailand, Indonesia, Philippines (the), Singapore",Status of South Asian Non-volant Small Mammals: Conservation Assessment and Management Plan (C.A.M.P.) Workshop Report,IUCN,"Least Concern
LC","Sanjay Molur, C. Srinivasulu, Bhargavi Srinivasulu, Sally Walker, P.O. Nameer and Latha Ravikumar (2005). Status of South Asian Non-volant Small Mammals: Conservation Assessment and Management Plan (C.A.M.P.) Workshop Report. Zoo Outreach Organisation / CBSG-South Asia, Coimbatore, India, 618pp.",Regional (multi-national)
94595,"Cannomys badius Hodgson, 1841",Bay Bamboo Rat,2005,Nepal,Status of South Asian Non-volant Small Mammals: Conservation Assessment and Management Plan (C.A.M.P.) Workshop Report,IUCN,"Near Threatened (Downlisted from Vulnerable)
NT°","Sanjay Molur, C. Srinivasulu, Bhargavi Srinivasulu, Sally Walker, P.O. Nameer and Latha Ravikumar (2005). Status of South Asian Non-volant Small Mammals: Conservation Assessment and Management Plan (C.A.M.P.) Workshop Report. Zoo Outreach Organisation / CBSG-South Asia, Coimbatore, India, 618pp.",National
94594,"Cannomys badius Hodgson, 1841",Bay Bamboo Rat,2005,"Nepal, India, Pakistan, Myanmar, Viet Nam, Thailand, Indonesia, Philippines (the), Singapore",Status of South Asian Non-volant Small Mammals: Conservation Assessment and Management Plan (C.A.M.P.) Workshop Report,IUCN,"Near Threatened
NT","Sanjay Molur, C. Srinivasulu, Bhargavi Srinivasulu, Sally Walker, P.O. Nameer and Latha Ravikumar (2005). Status of South Asian Non-volant Small Mammals: Conservation Assessment and Management Plan (C.A.M.P.) Workshop Report. Zoo Outreach Organisation / CBSG-South Asia, Coimbatore, India, 618pp.",Regional (multi-national)
94598,"Caprolagus hispidus Pearson, 1839","Hispid Hare, Assam Rabbit",2005,Nepal,Status of South Asian Non-volant Small Mammals: Conservation Assessment and Management Plan (C.A.M.P.) Workshop Report,IUCN,"Critically Endangered
CR","Sanjay Molur, C. Srinivasulu, Bhargavi Srinivasulu, Sally Walker, P.O. Nameer and Latha Ravikumar (2005). Status of South Asian Non-volant Small Mammals: Conservation Assessment and Management Plan (C.A.M.P.) Workshop Report. Zoo Outreach Organisation / CBSG-South Asia, Coimbatore, India, 618pp.",National
94597,"Caprolagus hispidus Pearson, 1839","Hispid Hare, Assam Rabbit",2005,"Nepal, India, Pakistan, Myanmar, Viet Nam, Thailand, Indonesia, Philippines (the), Singapore",Status of South Asian Non-volant Small Mammals: Conservation Assessment and Management Plan (C.A.M.P.) Workshop Report,IUCN,"Endangered
EN","Sanjay Molur, C. Srinivasulu, Bhargavi Srinivasulu, Sally Walker, P.O. Nameer and Latha Ravikumar (2005). Status of South Asian Non-volant Small Mammals: Conservation Assessment and Management Plan (C.A.M.P.) Workshop Report. Zoo Outreach Organisation / CBSG-South Asia, Coimbatore, India, 618pp.",Regional (multi-national)
94602,"Chimmarogale himalayica Gray, 1842","Himalayan Water Shrew, Himalayan Water Shrew",2005,Nepal,Status of South Asian Non-volant Small Mammals: Conservation Assessment and Management Plan (C.A.M.P.) Workshop Report,IUCN,"Vulnerable (Downlisted from Endangered)
VU°","Sanjay Molur, C. Srinivasulu, Bhargavi Srinivasulu, Sally Walker, P.O. Nameer and Latha Ravikumar (2005). Status of South Asian Non-volant Small Mammals: Conservation Assessment and Management Plan (C.A.M.P.) Workshop Report. Zoo Outreach Organisation / CBSG-South Asia, Coimbatore, India, 618pp.",National
94601,"Chimmarogale himalayica Gray, 1842","Himalayan Water Shrew, Himalayan Water Shrew",2005,"Nepal, India, Pakistan, Myanmar, Viet Nam, Thailand, Indonesia, Philippines (the), Singapore",Status of South Asian Non-volant Small Mammals: Conservation Assessment and Management Plan (C.A.M.P.) Workshop Report,IUCN,"Least Concern
LC","Sanjay Molur, C. Srinivasulu, Bhargavi Srinivasulu, Sally Walker, P.O. Nameer and Latha Ravikumar (2005). Status of South Asian Non-volant Small Mammals: Conservation Assessment and Management Plan (C.A.M.P.) Workshop Report. Zoo Outreach Organisation / CBSG-South Asia, Coimbatore, India, 618pp.",Regional (multi-national)
94606,"Cremnomys blanfordi Thomas, 1881","Blanford's Rat, White-tailed Wood Rat",2005,"Nepal, India, Pakistan, Myanmar, Viet Nam, Thailand, Indonesia, Philippines (the), Singapore",Status of South Asian Non-volant Small Mammals: Conservation Assessment and Management Plan (C.A.M.P.) Workshop Report,IUCN,"Least Concern
LC","Sanjay Molur, C. Srinivasulu, Bhargavi Srinivasulu, Sally Walker, P.O. Nameer and Latha Ravikumar (2005). Status of South Asian Non-volant Small Mammals: Conservation Assessment and Management Plan (C.A.M.P.) Workshop Report. Zoo Outreach Organisation / CBSG-South Asia, Coimbatore, India, 618pp.",Regional (multi-national)
94612,"Cricetulus alticola Thomas, 1917",Ladakh Hamster,2005,Nepal,Status of South Asian Non-volant Small Mammals: Conservation Assessment and Management Plan (C.A.M.P.) Workshop Report,IUCN,"Data Deficient
DD","Sanjay Molur, C. Srinivasulu, Bhargavi Srinivasulu, Sally Walker, P.O. Nameer and Latha Ravikumar (2005). Status of South Asian Non-volant Small Mammals: Conservation Assessment and Management Plan (C.A.M.P.) Workshop Report. Zoo Outreach Organisation / CBSG-South Asia, Coimbatore, India, 618pp.",National
94611,"Cricetulus alticola Thomas, 1917",Ladakh Hamster,2005,"Nepal, India, Pakistan, Myanmar, Viet Nam, Thailand, Indonesia, Philippines (the), Singapore",Status of South Asian Non-volant Small Mammals: Conservation Assessment and Management Plan (C.A.M.P.) Workshop Report,IUCN,"Near Threatened (Downlisted from Vulnerable)
NT°","Sanjay Molur, C. Srinivasulu, Bhargavi Srinivasulu, Sally Walker, P.O. Nameer and Latha Ravikumar (2005). Status of South Asian Non-volant Small Mammals: Conservation Assessment and Management Plan (C.A.M.P.) Workshop Report. Zoo Outreach Organisation / CBSG-South Asia, Coimbatore, India, 618pp.",Regional (multi-national)
94614,"Cricetulus migratorius Pallas, 1773","Little Grey Hamster, Grey Hamster ­",2005,"Nepal, India, Pakistan, Myanmar, Viet Nam, Thailand, Indonesia, Philippines (the), Singapore",Status of South Asian Non-volant Small Mammals: Conservation Assessment and Management Plan (C.A.M.P.) Workshop Report,IUCN,"Least Concern
LC","Sanjay Molur, C. Srinivasulu, Bhargavi Srinivasulu, Sally Walker, P.O. Nameer and Latha Ravikumar (2005). Status of South Asian Non-volant Small Mammals: Conservation Assessment and Management Plan (C.A.M.P.) Workshop Report. Zoo Outreach Organisation / CBSG-South Asia, Coimbatore, India, 618pp.",Regional (multi-national)
94619,"Crocidura attenuate Milne-Edwards, 1872","Grey Shrew, Grey woodland Shrew",2005,Nepal,Status of South Asian Non-volant Small Mammals: Conservation Assessment and Management Plan (C.A.M.P.) Workshop Report,IUCN,"Vulnerable (Downlisted from Endangered)
VU°","Sanjay Molur, C. Srinivasulu, Bhargavi Srinivasulu, Sally Walker, P.O. Nameer and Latha Ravikumar (2005). Status of South Asian Non-volant Small Mammals: Conservation Assessment and Management Plan (C.A.M.P.) Workshop Report. Zoo Outreach Organisation / CBSG-South Asia, Coimbatore, India, 618pp.",National
94618,"Crocidura attenuate Milne-Edwards, 1872","Grey Shrew, Grey woodland Shrew",2005,"Nepal, India, Pakistan, Myanmar, Viet Nam, Thailand, Indonesia, Philippines (the), Singapore",Status of South Asian Non-volant Small Mammals: Conservation Assessment and Management Plan (C.A.M.P.) Workshop Report,IUCN,"Least Concern
LC","Sanjay Molur, C. Srinivasulu, Bhargavi Srinivasulu, Sally Walker, P.O. Nameer and Latha Ravikumar (2005). Status of South Asian Non-volant Small Mammals: Conservation Assessment and Management Plan (C.A.M.P.) Workshop Report. Zoo Outreach Organisation / CBSG-South Asia, Coimbatore, India, 618pp.",Regional (multi-national)
94622,"Crocidura gueldenstaedtii Pallas, 1811",Gueldenstaedt's White-toothed Shrew,2005,"Nepal, India, Pakistan, Myanmar, Viet Nam, Thailand, Indonesia, Philippines (the), Singapore",Status of South Asian Non-volant Small Mammals: Conservation Assessment and Management Plan (C.A.M.P.) Workshop Report,IUCN,"Not Evaluated
NE","Sanjay Molur, C. Srinivasulu, Bhargavi Srinivasulu, Sally Walker, P.O. Nameer and Latha Ravikumar (2005). Status of South Asian Non-volant Small Mammals: Conservation Assessment and Management Plan (C.A.M.P.) Workshop Report. Zoo Outreach Organisation / CBSG-South Asia, Coimbatore, India, 618pp.",Regional (multi-national)
94628,"Crocidura horsfieldi Tomes, 1856",Horsfield's Shrew,2005,Nepal,Status of South Asian Non-volant Small Mammals: Conservation Assessment and Management Plan (C.A.M.P.) Workshop Report,IUCN,"Vulnerable
VU","Sanjay Molur, C. Srinivasulu, Bhargavi Srinivasulu, Sally Walker, P.O. Nameer and Latha Ravikumar (2005). Status of South Asian Non-volant Small Mammals: Conservation Assessment and Management Plan (C.A.M.P.) Workshop Report. Zoo Outreach Organisation / CBSG-South Asia, Coimbatore, India, 618pp.",National
94627,"Crocidura horsfieldi Tomes, 1856",Horsfield's Shrew,2005,"Nepal, India, Pakistan, Myanmar, Viet Nam, Thailand, Indonesia, Philippines (the), Singapore",Status of South Asian Non-volant Small Mammals: Conservation Assessment and Management Plan (C.A.M.P.) Workshop Report,IUCN,"Least Concern
LC","Sanjay Molur, C. Srinivasulu, Bhargavi Srinivasulu, Sally Walker, P.O. Nameer and Latha Ravikumar (2005). Status of South Asian Non-volant Small Mammals: Conservation Assessment and Management Plan (C.A.M.P.) Workshop Report. Zoo Outreach Organisation / CBSG-South Asia, Coimbatore, India, 618pp.",Regional (multi-national)
94637,"Dacnomys millardi Thomas, 1916","Millard's Rat ­, Millard's Large-toothed Rat",2005,Nepal,Status of South Asian Non-volant Small Mammals: Conservation Assessment and Management Plan (C.A.M.P.) Workshop Report,IUCN,"Vulnerable (Downlisted from Endangered)
VU°","Sanjay Molur, C. Srinivasulu, Bhargavi Srinivasulu, Sally Walker, P.O. Nameer and Latha Ravikumar (2005). Status of South Asian Non-volant Small Mammals: Conservation Assessment and Management Plan (C.A.M.P.) Workshop Report. Zoo Outreach Organisation / CBSG-South Asia, Coimbatore, India, 618pp.",National
94636,"Dacnomys millardi Thomas, 1916","Millard's Rat ­, Millard's Large-toothed Rat",2005,"Nepal, India, Pakistan, Myanmar, Viet Nam, Thailand, Indonesia, Philippines (the), Singapore",Status of South Asian Non-volant Small Mammals: Conservation Assessment and Management Plan (C.A.M.P.) Workshop Report,IUCN,"Near Threatened (Downlisted from Vulnerable)
NT°","Sanjay Molur, C. Srinivasulu, Bhargavi Srinivasulu, Sally Walker, P.O. Nameer and Latha Ravikumar (2005). Status of South Asian Non-volant Small Mammals: Conservation Assessment and Management Plan (C.A.M.P.) Workshop Report. Zoo Outreach Organisation / CBSG-South Asia, Coimbatore, India, 618pp.",Regional (multi-national)
94640,"Diomys crumpi Thomas, 1917",Crump's Mouse,2005,Nepal,Status of South Asian Non-volant Small Mammals: Conservation Assessment and Management Plan (C.A.M.P.) Workshop Report,IUCN,"Endangered
EN","Sanjay Molur, C. Srinivasulu, Bhargavi Srinivasulu, Sally Walker, P.O. Nameer and Latha Ravikumar (2005). Status of South Asian Non-volant Small Mammals: Conservation Assessment and Management Plan (C.A.M.P.) Workshop Report. Zoo Outreach Organisation / CBSG-South Asia, Coimbatore, India, 618pp.",National
94639,"Diomys crumpi Thomas, 1917",Crump's Mouse,2005,"Nepal, India, Pakistan, Myanmar, Viet Nam, Thailand, Indonesia, Philippines (the), Singapore",Status of South Asian Non-volant Small Mammals: Conservation Assessment and Management Plan (C.A.M.P.) Workshop Report,IUCN,"Endangered
EN","Sanjay Molur, C. Srinivasulu, Bhargavi Srinivasulu, Sally Walker, P.O. Nameer and Latha Ravikumar (2005). Status of South Asian Non-volant Small Mammals: Conservation Assessment and Management Plan (C.A.M.P.) Workshop Report. Zoo Outreach Organisation / CBSG-South Asia, Coimbatore, India, 618pp.",Regional (multi-national)
94643,"Dremomys lokriah Hodgson, 1836",Orange-bellied Himalayan Squirrel,2005,Nepal,Status of South Asian Non-volant Small Mammals: Conservation Assessment and Management Plan (C.A.M.P.) Workshop Report,IUCN,"Least Concern
LC","Sanjay Molur, C. Srinivasulu, Bhargavi Srinivasulu, Sally Walker, P.O. Nameer and Latha Ravikumar (2005). Status of South Asian Non-volant Small Mammals: Conservation Assessment and Management Plan (C.A.M.P.) Workshop Report. Zoo Outreach Organisation / CBSG-South Asia, Coimbatore, India, 618pp.",National
94642,"Dremomys lokriah Hodgson, 1836",Orange-bellied Himalayan Squirrel,2005,"Nepal, India, Pakistan, Myanmar, Viet Nam, Thailand, Indonesia, Philippines (the), Singapore",Status of South Asian Non-volant Small Mammals: Conservation Assessment and Management Plan (C.A.M.P.) Workshop Report,IUCN,"Least Concern
LC","Sanjay Molur, C. Srinivasulu, Bhargavi Srinivasulu, Sally Walker, P.O. Nameer and Latha Ravikumar (2005). Status of South Asian Non-volant Small Mammals: Conservation Assessment and Management Plan (C.A.M.P.) Workshop Report. Zoo Outreach Organisation / CBSG-South Asia, Coimbatore, India, 618pp.",Regional (multi-national)
94651,"Eoglaucomys fimbriatus Gray, 1837",Small Kashmir Flying Squirrel,2005,"Nepal, India, Pakistan, Myanmar, Viet Nam, Thailand, Indonesia, Philippines (the), Singapore",Status of South Asian Non-volant Small Mammals: Conservation Assessment and Management Plan (C.A.M.P.) Workshop Report,IUCN,"Least Concern
LC","Sanjay Molur, C. Srinivasulu, Bhargavi Srinivasulu, Sally Walker, P.O. Nameer and Latha Ravikumar (2005). Status of South Asian Non-volant Small Mammals: Conservation Assessment and Management Plan (C.A.M.P.) Workshop Report. Zoo Outreach Organisation / CBSG-South Asia, Coimbatore, India, 618pp.",Regional (multi-national)
94655,"Eupetaurus cinereus Thomas, 1888",Woolly Flying Squirrel,2005,"Nepal, India, Pakistan, Myanmar, Viet Nam, Thailand, Indonesia, Philippines (the), Singapore",Status of South Asian Non-volant Small Mammals: Conservation Assessment and Management Plan (C.A.M.P.) Workshop Report,IUCN,"Endangered
EN","Sanjay Molur, C. Srinivasulu, Bhargavi Srinivasulu, Sally Walker, P.O. Nameer and Latha Ravikumar (2005). Status of South Asian Non-volant Small Mammals: Conservation Assessment and Management Plan (C.A.M.P.) Workshop Report. Zoo Outreach Organisation / CBSG-South Asia, Coimbatore, India, 618pp.",Regional (multi-national)
94659,"Euroscaptor micrura Hodgson, 1841","Himalayan Mole, Short-tailed Mole",2005,Nepal,Status of South Asian Non-volant Small Mammals: Conservation Assessment and Management Plan (C.A.M.P.) Workshop Report,IUCN,"Near Threatened (Downlisted from Vulnerable)
NT°","Sanjay Molur, C. Srinivasulu, Bhargavi Srinivasulu, Sally Walker, P.O. Nameer and Latha Ravikumar (2005). Status of South Asian Non-volant Small Mammals: Conservation Assessment and Management Plan (C.A.M.P.) Workshop Report. Zoo Outreach Organisation / CBSG-South Asia, Coimbatore, India, 618pp.",National
94658,"Euroscaptor micrura Hodgson, 1841","Himalayan Mole, Short-tailed Mole",2005,"Nepal, India, Pakistan, Myanmar, Viet Nam, Thailand, Indonesia, Philippines (the), Singapore",Status of South Asian Non-volant Small Mammals: Conservation Assessment and Management Plan (C.A.M.P.) Workshop Report,IUCN,"Least Concern
LC","Sanjay Molur, C. Srinivasulu, Bhargavi Srinivasulu, Sally Walker, P.O. Nameer and Latha Ravikumar (2005). Status of South Asian Non-volant Small Mammals: Conservation Assessment and Management Plan (C.A.M.P.) Workshop Report. Zoo Outreach Organisation / CBSG-South Asia, Coimbatore, India, 618pp.",Regional (multi-national)
94663,"Feroculus feroculus Kelaart, 1850",Kelaart's Long-clawed Shrew,2005,"Nepal, India, Pakistan, Myanmar, Viet Nam, Thailand, Indonesia, Philippines (the), Singapore",Status of South Asian Non-volant Small Mammals: Conservation Assessment and Management Plan (C.A.M.P.) Workshop Report,IUCN,"Endangered
EN","Sanjay Molur, C. Srinivasulu, Bhargavi Srinivasulu, Sally Walker, P.O. Nameer and Latha Ravikumar (2005). Status of South Asian Non-volant Small Mammals: Conservation Assessment and Management Plan (C.A.M.P.) Workshop Report. Zoo Outreach Organisation / CBSG-South Asia, Coimbatore, India, 618pp.",Regional (multi-national)
94667,"Funambulus palmarum Linnaeus, 1766","Indian Palm Squirrel, Common Palm Squirrel, Three-striped Palm Squirrel",2005,"Nepal, India, Pakistan, Myanmar, Viet Nam, Thailand, Indonesia, Philippines (the), Singapore",Status of South Asian Non-volant Small Mammals: Conservation Assessment and Management Plan (C.A.M.P.) Workshop Report,IUCN,"Least Concern
LC","Sanjay Molur, C. Srinivasulu, Bhargavi Srinivasulu, Sally Walker, P.O. Nameer and Latha Ravikumar (2005). Status of South Asian Non-volant Small Mammals: Conservation Assessment and Management Plan (C.A.M.P.) Workshop Report. Zoo Outreach Organisation / CBSG-South Asia, Coimbatore, India, 618pp.",Regional (multi-national)
94671,"Funambulus pennantii Wroughton, 1905","Northern Palm Squirrel, Five-striped Palm Squirrel",2005,Nepal,Status of South Asian Non-volant Small Mammals: Conservation Assessment and Management Plan (C.A.M.P.) Workshop Report,IUCN,"Near Threatened
NT","Sanjay Molur, C. Srinivasulu, Bhargavi Srinivasulu, Sally Walker, P.O. Nameer and Latha Ravikumar (2005). Status of South Asian Non-volant Small Mammals: Conservation Assessment and Management Plan (C.A.M.P.) Workshop Report. Zoo Outreach Organisation / CBSG-South Asia, Coimbatore, India, 618pp.",National
94669,"Funambulus pennantii Wroughton, 1905","Northern Palm Squirrel, Five-striped Palm Squirrel",2005,"Nepal, India, Pakistan, Myanmar, Viet Nam, Thailand, Indonesia, Philippines (the), Singapore",Status of South Asian Non-volant Small Mammals: Conservation Assessment and Management Plan (C.A.M.P.) Workshop Report,IUCN,"Least Concern
LC","Sanjay Molur, C. Srinivasulu, Bhargavi Srinivasulu, Sally Walker, P.O. Nameer and Latha Ravikumar (2005). Status of South Asian Non-volant Small Mammals: Conservation Assessment and Management Plan (C.A.M.P.) Workshop Report. Zoo Outreach Organisation / CBSG-South Asia, Coimbatore, India, 618pp.",Regional (multi-national)
94675,"Funambulus sublineatus Waterhouse, 1838",Dusky-striped Squirrel,2005,"Nepal, India, Pakistan, Myanmar, Viet Nam, Thailand, Indonesia, Philippines (the), Singapore",Status of South Asian Non-volant Small Mammals: Conservation Assessment and Management Plan (C.A.M.P.) Workshop Report,IUCN,"Vulnerable
VU","Sanjay Molur, C. Srinivasulu, Bhargavi Srinivasulu, Sally Walker, P.O. Nameer and Latha Ravikumar (2005). Status of South Asian Non-volant Small Mammals: Conservation Assessment and Management Plan (C.A.M.P.) Workshop Report. Zoo Outreach Organisation / CBSG-South Asia, Coimbatore, India, 618pp.",Regional (multi-national)
94680,"Gerbillus gleadowi Murray, 1886",Little Hairy-footed Gerbil,2005,"Nepal, India, Pakistan, Myanmar, Viet Nam, Thailand, Indonesia, Philippines (the), Singapore",Status of South Asian Non-volant Small Mammals: Conservation Assessment and Management Plan (C.A.M.P.) Workshop Report,IUCN,"Near Threatened
NT","Sanjay Molur, C. Srinivasulu, Bhargavi Srinivasulu, Sally Walker, P.O. Nameer and Latha Ravikumar (2005). Status of South Asian Non-volant Small Mammals: Conservation Assessment and Management Plan (C.A.M.P.) Workshop Report. Zoo Outreach Organisation / CBSG-South Asia, Coimbatore, India, 618pp.",Regional (multi-national)
94683,"Gerbillus nanus Blanford, 1875","Baluchistan Gerbil, Pygmy Gerbil, Wagner's Gerbil",2005,"Nepal, India, Pakistan, Myanmar, Viet Nam, Thailand, Indonesia, Philippines (the), Singapore",Status of South Asian Non-volant Small Mammals: Conservation Assessment and Management Plan (C.A.M.P.) Workshop Report,IUCN,"Least Concern
LC","Sanjay Molur, C. Srinivasulu, Bhargavi Srinivasulu, Sally Walker, P.O. Nameer and Latha Ravikumar (2005). Status of South Asian Non-volant Small Mammals: Conservation Assessment and Management Plan (C.A.M.P.) Workshop Report. Zoo Outreach Organisation / CBSG-South Asia, Coimbatore, India, 618pp.",Regional (multi-national)
94689,"Golunda ellioti Gray, 1837",Indian Bush Rat,2005,Nepal,Status of South Asian Non-volant Small Mammals: Conservation Assessment and Management Plan (C.A.M.P.) Workshop Report,IUCN,"Least Concern
LC","Sanjay Molur, C. Srinivasulu, Bhargavi Srinivasulu, Sally Walker, P.O. Nameer and Latha Ravikumar (2005). Status of South Asian Non-volant Small Mammals: Conservation Assessment and Management Plan (C.A.M.P.) Workshop Report. Zoo Outreach Organisation / CBSG-South Asia, Coimbatore, India, 618pp.",National
94687,"Golunda ellioti Gray, 1837",Indian Bush Rat,2005,"Nepal, India, Pakistan, Myanmar, Viet Nam, Thailand, Indonesia, Philippines (the), Singapore",Status of South Asian Non-volant Small Mammals: Conservation Assessment and Management Plan (C.A.M.P.) Workshop Report,IUCN,"Least Concern
LC","Sanjay Molur, C. Srinivasulu, Bhargavi Srinivasulu, Sally Walker, P.O. Nameer and Latha Ravikumar (2005). Status of South Asian Non-volant Small Mammals: Conservation Assessment and Management Plan (C.A.M.P.) Workshop Report. Zoo Outreach Organisation / CBSG-South Asia, Coimbatore, India, 618pp.",Regional (multi-national)
94693,"Hemiechinus collaris Gray, 1830",Collared Hedgehog,2005,"Nepal, India, Pakistan, Myanmar, Viet Nam, Thailand, Indonesia, Philippines (the), Singapore",Status of South Asian Non-volant Small Mammals: Conservation Assessment and Management Plan (C.A.M.P.) Workshop Report,IUCN,"Least Concern
LC","Sanjay Molur, C. Srinivasulu, Bhargavi Srinivasulu, Sally Walker, P.O. Nameer and Latha Ravikumar (2005). Status of South Asian Non-volant Small Mammals: Conservation Assessment and Management Plan (C.A.M.P.) Workshop Report. Zoo Outreach Organisation / CBSG-South Asia, Coimbatore, India, 618pp.",Regional (multi-national)
94697,"Hemiechinus micropus Blyth, 1846",Indian Hedgehog,2005,"Nepal, India, Pakistan, Myanmar, Viet Nam, Thailand, Indonesia, Philippines (the), Singapore",Status of South Asian Non-volant Small Mammals: Conservation Assessment and Management Plan (C.A.M.P.) Workshop Report,IUCN,"Least Concern
LC","Sanjay Molur, C. Srinivasulu, Bhargavi Srinivasulu, Sally Walker, P.O. Nameer and Latha Ravikumar (2005). Status of South Asian Non-volant Small Mammals: Conservation Assessment and Management Plan (C.A.M.P.) Workshop Report. Zoo Outreach Organisation / CBSG-South Asia, Coimbatore, India, 618pp.",Regional (multi-national)
94702,"Hylopetes alboniger Hodgson, 1836","Parti-coloured Gliding Squirrel, Parti-coloured Flying Squirrel",2005,Nepal,Status of South Asian Non-volant Small Mammals: Conservation Assessment and Management Plan (C.A.M.P.) Workshop Report,IUCN,"Vulnerable (Downlisted from Endangered)
VU°","Sanjay Molur, C. Srinivasulu, Bhargavi Srinivasulu, Sally Walker, P.O. Nameer and Latha Ravikumar (2005). Status of South Asian Non-volant Small Mammals: Conservation Assessment and Management Plan (C.A.M.P.) Workshop Report. Zoo Outreach Organisation / CBSG-South Asia, Coimbatore, India, 618pp.",National
94701,"Hylopetes alboniger Hodgson, 1836","Parti-coloured Gliding Squirrel, Parti-coloured Flying Squirrel",2005,"Nepal, India, Pakistan, Myanmar, Viet Nam, Thailand, Indonesia, Philippines (the), Singapore",Status of South Asian Non-volant Small Mammals: Conservation Assessment and Management Plan (C.A.M.P.) Workshop Report,IUCN,"Near Threatened
NT","Sanjay Molur, C. Srinivasulu, Bhargavi Srinivasulu, Sally Walker, P.O. Nameer and Latha Ravikumar (2005). Status of South Asian Non-volant Small Mammals: Conservation Assessment and Management Plan (C.A.M.P.) Workshop Report. Zoo Outreach Organisation / CBSG-South Asia, Coimbatore, India, 618pp.",Regional (multi-national)
94705,"Hylopetes baberi Blyth, 1847","Small Afghan Gliding Squirrel, Small Afghan Flying Squirrel",2005,"Nepal, India, Pakistan, Myanmar, Viet Nam, Thailand, Indonesia, Philippines (the), Singapore",Status of South Asian Non-volant Small Mammals: Conservation Assessment and Management Plan (C.A.M.P.) Workshop Report,IUCN,"Vulnerable
VU","Sanjay Molur, C. Srinivasulu, Bhargavi Srinivasulu, Sally Walker, P.O. Nameer and Latha Ravikumar (2005). Status of South Asian Non-volant Small Mammals: Conservation Assessment and Management Plan (C.A.M.P.) Workshop Report. Zoo Outreach Organisation / CBSG-South Asia, Coimbatore, India, 618pp.",Regional (multi-national)
94708,"Hyperacrius fertilis True, 1894","True's Vole, Burrowing Vole",2005,"Nepal, India, Pakistan, Myanmar, Viet Nam, Thailand, Indonesia, Philippines (the), Singapore",Status of South Asian Non-volant Small Mammals: Conservation Assessment and Management Plan (C.A.M.P.) Workshop Report,IUCN,"Vulnerable
VU","Sanjay Molur, C. Srinivasulu, Bhargavi Srinivasulu, Sally Walker, P.O. Nameer and Latha Ravikumar (2005). Status of South Asian Non-volant Small Mammals: Conservation Assessment and Management Plan (C.A.M.P.) Workshop Report. Zoo Outreach Organisation / CBSG-South Asia, Coimbatore, India, 618pp.",Regional (multi-national)
94711,"Hyperacrius wynnei Blanford, 1881",Murree Vole,2005,"Nepal, India, Pakistan, Myanmar, Viet Nam, Thailand, Indonesia, Philippines (the), Singapore",Status of South Asian Non-volant Small Mammals: Conservation Assessment and Management Plan (C.A.M.P.) Workshop Report,IUCN,"Least Concern
LC","Sanjay Molur, C. Srinivasulu, Bhargavi Srinivasulu, Sally Walker, P.O. Nameer and Latha Ravikumar (2005). Status of South Asian Non-volant Small Mammals: Conservation Assessment and Management Plan (C.A.M.P.) Workshop Report. Zoo Outreach Organisation / CBSG-South Asia, Coimbatore, India, 618pp.",Regional (multi-national)
94715,"Hystrix brachyura Linnaeus, 1758",Himalayan Crestless Porcupine,2005,Nepal,Status of South Asian Non-volant Small Mammals: Conservation Assessment and Management Plan (C.A.M.P.) Workshop Report,IUCN,"Near Threatened (Downlisted from Vulnerable)
NT°","Sanjay Molur, C. Srinivasulu, Bhargavi Srinivasulu, Sally Walker, P.O. Nameer and Latha Ravikumar (2005). Status of South Asian Non-volant Small Mammals: Conservation Assessment and Management Plan (C.A.M.P.) Workshop Report. Zoo Outreach Organisation / CBSG-South Asia, Coimbatore, India, 618pp.",National
94714,"Hystrix brachyura Linnaeus, 1758",Himalayan Crestless Porcupine,2005,"Nepal, India, Pakistan, Myanmar, Viet Nam, Thailand, Indonesia, Philippines (the), Singapore",Status of South Asian Non-volant Small Mammals: Conservation Assessment and Management Plan (C.A.M.P.) Workshop Report,IUCN,"Near Threatened
NT","Sanjay Molur, C. Srinivasulu, Bhargavi Srinivasulu, Sally Walker, P.O. Nameer and Latha Ravikumar (2005). Status of South Asian Non-volant Small Mammals: Conservation Assessment and Management Plan (C.A.M.P.) Workshop Report. Zoo Outreach Organisation / CBSG-South Asia, Coimbatore, India, 618pp.",Regional (multi-national)
94721,"Hystrix indica Kerr, 1792","Indian Crested Porcupine, Indian Porcupine, Crested Porcupine",2005,Nepal,Status of South Asian Non-volant Small Mammals: Conservation Assessment and Management Plan (C.A.M.P.) Workshop Report,IUCN,"Least Concern
LC","Sanjay Molur, C. Srinivasulu, Bhargavi Srinivasulu, Sally Walker, P.O. Nameer and Latha Ravikumar (2005). Status of South Asian Non-volant Small Mammals: Conservation Assessment and Management Plan (C.A.M.P.) Workshop Report. Zoo Outreach Organisation / CBSG-South Asia, Coimbatore, India, 618pp.",National
94719,"Hystrix indica Kerr, 1792","Indian Crested Porcupine, Indian Porcupine, Crested Porcupine",2005,"Nepal, India, Pakistan, Myanmar, Viet Nam, Thailand, Indonesia, Philippines (the), Singapore",Status of South Asian Non-volant Small Mammals: Conservation Assessment and Management Plan (C.A.M.P.) Workshop Report,IUCN,"Least Concern
LC","Sanjay Molur, C. Srinivasulu, Bhargavi Srinivasulu, Sally Walker, P.O. Nameer and Latha Ravikumar (2005). Status of South Asian Non-volant Small Mammals: Conservation Assessment and Management Plan (C.A.M.P.) Workshop Report. Zoo Outreach Organisation / CBSG-South Asia, Coimbatore, India, 618pp.",Regional (multi-national)
94726,"Leopoldamys sabanus Thomas, 1887",Noisy Rat,2005,"Nepal, India, Pakistan, Myanmar, Viet Nam, Thailand, Indonesia, Philippines (the), Singapore",Status of South Asian Non-volant Small Mammals: Conservation Assessment and Management Plan (C.A.M.P.) Workshop Report,IUCN,"Data Deficient
DD","Sanjay Molur, C. Srinivasulu, Bhargavi Srinivasulu, Sally Walker, P.O. Nameer and Latha Ravikumar (2005). Status of South Asian Non-volant Small Mammals: Conservation Assessment and Management Plan (C.A.M.P.) Workshop Report. Zoo Outreach Organisation / CBSG-South Asia, Coimbatore, India, 618pp.",Regional (multi-national)
94729,"Lepus capensis Linnaeus, 1758",Cape Hare,2005,"Nepal, India, Pakistan, Myanmar, Viet Nam, Thailand, Indonesia, Philippines (the), Singapore",Status of South Asian Non-volant Small Mammals: Conservation Assessment and Management Plan (C.A.M.P.) Workshop Report,IUCN,"Least Concern
LC","Sanjay Molur, C. Srinivasulu, Bhargavi Srinivasulu, Sally Walker, P.O. Nameer and Latha Ravikumar (2005). Status of South Asian Non-volant Small Mammals: Conservation Assessment and Management Plan (C.A.M.P.) Workshop Report. Zoo Outreach Organisation / CBSG-South Asia, Coimbatore, India, 618pp.",Regional (multi-national)
94735,"Lepus nigricollis Cuvier, 1823","Black-naped Hare, Indian Hare",2005,Nepal,Status of South Asian Non-volant Small Mammals: Conservation Assessment and Management Plan (C.A.M.P.) Workshop Report,IUCN,"Least Concern
LC","Sanjay Molur, C. Srinivasulu, Bhargavi Srinivasulu, Sally Walker, P.O. Nameer and Latha Ravikumar (2005). Status of South Asian Non-volant Small Mammals: Conservation Assessment and Management Plan (C.A.M.P.) Workshop Report. Zoo Outreach Organisation / CBSG-South Asia, Coimbatore, India, 618pp.",National
94733,"Lepus nigricollis Cuvier, 1823","Black-naped Hare, Indian Hare",2005,"Nepal, India, Pakistan, Myanmar, Viet Nam, Thailand, Indonesia, Philippines (the), Singapore",Status of South Asian Non-volant Small Mammals: Conservation Assessment and Management Plan (C.A.M.P.) Workshop Report,IUCN,"Least Concern
LC","Sanjay Molur, C. Srinivasulu, Bhargavi Srinivasulu, Sally Walker, P.O. Nameer and Latha Ravikumar (2005). Status of South Asian Non-volant Small Mammals: Conservation Assessment and Management Plan (C.A.M.P.) Workshop Report. Zoo Outreach Organisation / CBSG-South Asia, Coimbatore, India, 618pp.",Regional (multi-national)
94740,"Lepus oiostolus Hodgson, 1840",Woolly Hare,2005,Nepal,Status of South Asian Non-volant Small Mammals: Conservation Assessment and Management Plan (C.A.M.P.) Workshop Report,IUCN,"Least Concern
LC","Sanjay Molur, C. Srinivasulu, Bhargavi Srinivasulu, Sally Walker, P.O. Nameer and Latha Ravikumar (2005). Status of South Asian Non-volant Small Mammals: Conservation Assessment and Management Plan (C.A.M.P.) Workshop Report. Zoo Outreach Organisation / CBSG-South Asia, Coimbatore, India, 618pp.",National
94739,"Lepus oiostolus Hodgson, 1840",Woolly Hare,2005,"Nepal, India, Pakistan, Myanmar, Viet Nam, Thailand, Indonesia, Philippines (the), Singapore",Status of South Asian Non-volant Small Mammals: Conservation Assessment and Management Plan (C.A.M.P.) Workshop Report,IUCN,"Least Concern
LC","Sanjay Molur, C. Srinivasulu, Bhargavi Srinivasulu, Sally Walker, P.O. Nameer and Latha Ravikumar (2005). Status of South Asian Non-volant Small Mammals: Conservation Assessment and Management Plan (C.A.M.P.) Workshop Report. Zoo Outreach Organisation / CBSG-South Asia, Coimbatore, India, 618pp.",Regional (multi-national)
94746,"Manis crassicaudata Gray, 1827",Indian Pangolin,2005,Nepal,Status of South Asian Non-volant Small Mammals: Conservation Assessment and Management Plan (C.A.M.P.) Workshop Report,IUCN,"Vulnerable
VU","Sanjay Molur, C. Srinivasulu, Bhargavi Srinivasulu, Sally Walker, P.O. Nameer and Latha Ravikumar (2005). Status of South Asian Non-volant Small Mammals: Conservation Assessment and Management Plan (C.A.M.P.) Workshop Report. Zoo Outreach Organisation / CBSG-South Asia, Coimbatore, India, 618pp.",National
94744,"Manis crassicaudata Gray, 1827",Indian Pangolin,2005,"Nepal, India, Pakistan, Myanmar, Viet Nam, Thailand, Indonesia, Philippines (the), Singapore",Status of South Asian Non-volant Small Mammals: Conservation Assessment and Management Plan (C.A.M.P.) Workshop Report,IUCN,"Vulnerable
VU","Sanjay Molur, C. Srinivasulu, Bhargavi Srinivasulu, Sally Walker, P.O. Nameer and Latha Ravikumar (2005). Status of South Asian Non-volant Small Mammals: Conservation Assessment and Management Plan (C.A.M.P.) Workshop Report. Zoo Outreach Organisation / CBSG-South Asia, Coimbatore, India, 618pp.",Regional (multi-national)
94750,"Manis pentadactyla Linnaeus, 1758",Chinese Pangolin,2005,Nepal,Status of South Asian Non-volant Small Mammals: Conservation Assessment and Management Plan (C.A.M.P.) Workshop Report,IUCN,"Endangered
EN","Sanjay Molur, C. Srinivasulu, Bhargavi Srinivasulu, Sally Walker, P.O. Nameer and Latha Ravikumar (2005). Status of South Asian Non-volant Small Mammals: Conservation Assessment and Management Plan (C.A.M.P.) Workshop Report. Zoo Outreach Organisation / CBSG-South Asia, Coimbatore, India, 618pp.",National
94749,"Manis pentadactyla Linnaeus, 1758",Chinese Pangolin,2005,"Nepal, India, Pakistan, Myanmar, Viet Nam, Thailand, Indonesia, Philippines (the), Singapore",Status of South Asian Non-volant Small Mammals: Conservation Assessment and Management Plan (C.A.M.P.) Workshop Report,IUCN,"Vulnerable
VU","Sanjay Molur, C. Srinivasulu, Bhargavi Srinivasulu, Sally Walker, P.O. Nameer and Latha Ravikumar (2005). Status of South Asian Non-volant Small Mammals: Conservation Assessment and Management Plan (C.A.M.P.) Workshop Report. Zoo Outreach Organisation / CBSG-South Asia, Coimbatore, India, 618pp.",Regional (multi-national)
94752,"Marmota caudata Geoffroy, 1844",Long-tailed Marmot,2005,"Nepal, India, Pakistan, Myanmar, Viet Nam, Thailand, Indonesia, Philippines (the), Singapore",Status of South Asian Non-volant Small Mammals: Conservation Assessment and Management Plan (C.A.M.P.) Workshop Report,IUCN,"Near Threatened
NT","Sanjay Molur, C. Srinivasulu, Bhargavi Srinivasulu, Sally Walker, P.O. Nameer and Latha Ravikumar (2005). Status of South Asian Non-volant Small Mammals: Conservation Assessment and Management Plan (C.A.M.P.) Workshop Report. Zoo Outreach Organisation / CBSG-South Asia, Coimbatore, India, 618pp.",Regional (multi-national)
94757,"Marmota himalayana Hodgson, 1841","Himalayan Marmot, Karakoram Marmot",2005,Nepal,Status of South Asian Non-volant Small Mammals: Conservation Assessment and Management Plan (C.A.M.P.) Workshop Report,IUCN,"Least Concern
LC","Sanjay Molur, C. Srinivasulu, Bhargavi Srinivasulu, Sally Walker, P.O. Nameer and Latha Ravikumar (2005). Status of South Asian Non-volant Small Mammals: Conservation Assessment and Management Plan (C.A.M.P.) Workshop Report. Zoo Outreach Organisation / CBSG-South Asia, Coimbatore, India, 618pp.",National
94755,"Marmota himalayana Hodgson, 1841","Himalayan Marmot, Karakoram Marmot",2005,"Nepal, India, Pakistan, Myanmar, Viet Nam, Thailand, Indonesia, Philippines (the), Singapore",Status of South Asian Non-volant Small Mammals: Conservation Assessment and Management Plan (C.A.M.P.) Workshop Report,IUCN,"Least Concern
LC","Sanjay Molur, C. Srinivasulu, Bhargavi Srinivasulu, Sally Walker, P.O. Nameer and Latha Ravikumar (2005). Status of South Asian Non-volant Small Mammals: Conservation Assessment and Management Plan (C.A.M.P.) Workshop Report. Zoo Outreach Organisation / CBSG-South Asia, Coimbatore, India, 618pp.",Regional (multi-national)
94760,"Meriones hurrianae Jerdon, 1867",Indian Desert Gerbil,2005,"Nepal, India, Pakistan, Myanmar, Viet Nam, Thailand, Indonesia, Philippines (the), Singapore",Status of South Asian Non-volant Small Mammals: Conservation Assessment and Management Plan (C.A.M.P.) Workshop Report,IUCN,"Near Threatened
NT","Sanjay Molur, C. Srinivasulu, Bhargavi Srinivasulu, Sally Walker, P.O. Nameer and Latha Ravikumar (2005). Status of South Asian Non-volant Small Mammals: Conservation Assessment and Management Plan (C.A.M.P.) Workshop Report. Zoo Outreach Organisation / CBSG-South Asia, Coimbatore, India, 618pp.",Regional (multi-national)
94768,"Microtus leucurus Blyth, 1863",Blyth's Vole,2005,Nepal,Status of South Asian Non-volant Small Mammals: Conservation Assessment and Management Plan (C.A.M.P.) Workshop Report,IUCN,"Least Concern
LC","Sanjay Molur, C. Srinivasulu, Bhargavi Srinivasulu, Sally Walker, P.O. Nameer and Latha Ravikumar (2005). Status of South Asian Non-volant Small Mammals: Conservation Assessment and Management Plan (C.A.M.P.) Workshop Report. Zoo Outreach Organisation / CBSG-South Asia, Coimbatore, India, 618pp.",National
94767,"Microtus leucurus Blyth, 1863",Blyth's Vole,2005,"Nepal, India, Pakistan, Myanmar, Viet Nam, Thailand, Indonesia, Philippines (the), Singapore",Status of South Asian Non-volant Small Mammals: Conservation Assessment and Management Plan (C.A.M.P.) Workshop Report,IUCN,"Least Concern
LC","Sanjay Molur, C. Srinivasulu, Bhargavi Srinivasulu, Sally Walker, P.O. Nameer and Latha Ravikumar (2005). Status of South Asian Non-volant Small Mammals: Conservation Assessment and Management Plan (C.A.M.P.) Workshop Report. Zoo Outreach Organisation / CBSG-South Asia, Coimbatore, India, 618pp.",Regional (multi-national)
94771,"Microtus sikimensis Hodgson, 1849",Sikkim Vole,2005,Nepal,Status of South Asian Non-volant Small Mammals: Conservation Assessment and Management Plan (C.A.M.P.) Workshop Report,IUCN,"Least Concern
LC","Sanjay Molur, C. Srinivasulu, Bhargavi Srinivasulu, Sally Walker, P.O. Nameer and Latha Ravikumar (2005). Status of South Asian Non-volant Small Mammals: Conservation Assessment and Management Plan (C.A.M.P.) Workshop Report. Zoo Outreach Organisation / CBSG-South Asia, Coimbatore, India, 618pp.",National
94770,"Microtus sikimensis Hodgson, 1849",Sikkim Vole,2005,"Nepal, India, Pakistan, Myanmar, Viet Nam, Thailand, Indonesia, Philippines (the), Singapore",Status of South Asian Non-volant Small Mammals: Conservation Assessment and Management Plan (C.A.M.P.) Workshop Report,IUCN,"Least Concern
LC","Sanjay Molur, C. Srinivasulu, Bhargavi Srinivasulu, Sally Walker, P.O. Nameer and Latha Ravikumar (2005). Status of South Asian Non-volant Small Mammals: Conservation Assessment and Management Plan (C.A.M.P.) Workshop Report. Zoo Outreach Organisation / CBSG-South Asia, Coimbatore, India, 618pp.",Regional (multi-national)
94774,"Millardia gleadowi Murray, 1885","Sand-coloured Metad, Sand-coloured Rat",2005,"Nepal, India, Pakistan, Myanmar, Viet Nam, Thailand, Indonesia, Philippines (the), Singapore",Status of South Asian Non-volant Small Mammals: Conservation Assessment and Management Plan (C.A.M.P.) Workshop Report,IUCN,"Least Concern
LC","Sanjay Molur, C. Srinivasulu, Bhargavi Srinivasulu, Sally Walker, P.O. Nameer and Latha Ravikumar (2005). Status of South Asian Non-volant Small Mammals: Conservation Assessment and Management Plan (C.A.M.P.) Workshop Report. Zoo Outreach Organisation / CBSG-South Asia, Coimbatore, India, 618pp.",Regional (multi-national)
94781,"Millardia meltada Gray, 1837","Soft-furred Metad, Soft-furred Field Rat",2005,Nepal,Status of South Asian Non-volant Small Mammals: Conservation Assessment and Management Plan (C.A.M.P.) Workshop Report,IUCN,"Least Concern
LC","Sanjay Molur, C. Srinivasulu, Bhargavi Srinivasulu, Sally Walker, P.O. Nameer and Latha Ravikumar (2005). Status of South Asian Non-volant Small Mammals: Conservation Assessment and Management Plan (C.A.M.P.) Workshop Report. Zoo Outreach Organisation / CBSG-South Asia, Coimbatore, India, 618pp.",National
94779,"Millardia meltada Gray, 1837","Soft-furred Metad, Soft-furred Field Rat",2005,"Nepal, India, Pakistan, Myanmar, Viet Nam, Thailand, Indonesia, Philippines (the), Singapore",Status of South Asian Non-volant Small Mammals: Conservation Assessment and Management Plan (C.A.M.P.) Workshop Report,IUCN,"Least Concern
LC","Sanjay Molur, C. Srinivasulu, Bhargavi Srinivasulu, Sally Walker, P.O. Nameer and Latha Ravikumar (2005). Status of South Asian Non-volant Small Mammals: Conservation Assessment and Management Plan (C.A.M.P.) Workshop Report. Zoo Outreach Organisation / CBSG-South Asia, Coimbatore, India, 618pp.",Regional (multi-national)
94786,"Mus booduga Gray, 1837","Common Indian Field Mouse, Little Indian Field Mouse",2005,Nepal,Status of South Asian Non-volant Small Mammals: Conservation Assessment and Management Plan (C.A.M.P.) Workshop Report,IUCN,"Least Concern
LC","Sanjay Molur, C. Srinivasulu, Bhargavi Srinivasulu, Sally Walker, P.O. Nameer and Latha Ravikumar (2005). Status of South Asian Non-volant Small Mammals: Conservation Assessment and Management Plan (C.A.M.P.) Workshop Report. Zoo Outreach Organisation / CBSG-South Asia, Coimbatore, India, 618pp.",National
94784,"Mus booduga Gray, 1837","Common Indian Field Mouse, Little Indian Field Mouse",2005,"Nepal, India, Pakistan, Myanmar, Viet Nam, Thailand, Indonesia, Philippines (the), Singapore",Status of South Asian Non-volant Small Mammals: Conservation Assessment and Management Plan (C.A.M.P.) Workshop Report,IUCN,"Least Concern
LC","Sanjay Molur, C. Srinivasulu, Bhargavi Srinivasulu, Sally Walker, P.O. Nameer and Latha Ravikumar (2005). Status of South Asian Non-volant Small Mammals: Conservation Assessment and Management Plan (C.A.M.P.) Workshop Report. Zoo Outreach Organisation / CBSG-South Asia, Coimbatore, India, 618pp.",Regional (multi-national)
94792,"Mus cervicolor Hodgson, 1845",Fawn-coloured Mouse,2005,Nepal,Status of South Asian Non-volant Small Mammals: Conservation Assessment and Management Plan (C.A.M.P.) Workshop Report,IUCN,"Least Concern
LC","Sanjay Molur, C. Srinivasulu, Bhargavi Srinivasulu, Sally Walker, P.O. Nameer and Latha Ravikumar (2005). Status of South Asian Non-volant Small Mammals: Conservation Assessment and Management Plan (C.A.M.P.) Workshop Report. Zoo Outreach Organisation / CBSG-South Asia, Coimbatore, India, 618pp.",National
94790,"Mus cervicolor Hodgson, 1845",Fawn-coloured Mouse,2005,"Nepal, India, Pakistan, Myanmar, Viet Nam, Thailand, Indonesia, Philippines (the), Singapore",Status of South Asian Non-volant Small Mammals: Conservation Assessment and Management Plan (C.A.M.P.) Workshop Report,IUCN,"Least Concern
LC","Sanjay Molur, C. Srinivasulu, Bhargavi Srinivasulu, Sally Walker, P.O. Nameer and Latha Ravikumar (2005). Status of South Asian Non-volant Small Mammals: Conservation Assessment and Management Plan (C.A.M.P.) Workshop Report. Zoo Outreach Organisation / CBSG-South Asia, Coimbatore, India, 618pp.",Regional (multi-national)
94795,"Mus cookie Ryley, 1914","Ryley's Spiny Mouse, Cooke's Mouse",2005,Nepal,Status of South Asian Non-volant Small Mammals: Conservation Assessment and Management Plan (C.A.M.P.) Workshop Report,IUCN,"Data Deficient
DD","Sanjay Molur, C. Srinivasulu, Bhargavi Srinivasulu, Sally Walker, P.O. Nameer and Latha Ravikumar (2005). Status of South Asian Non-volant Small Mammals: Conservation Assessment and Management Plan (C.A.M.P.) Workshop Report. Zoo Outreach Organisation / CBSG-South Asia, Coimbatore, India, 618pp.",National
94794,"Mus cookie Ryley, 1914","Ryley's Spiny Mouse, Cooke's Mouse",2005,"Nepal, India, Pakistan, Myanmar, Viet Nam, Thailand, Indonesia, Philippines (the), Singapore",Status of South Asian Non-volant Small Mammals: Conservation Assessment and Management Plan (C.A.M.P.) Workshop Report,IUCN,"Least Concern
LC","Sanjay Molur, C. Srinivasulu, Bhargavi Srinivasulu, Sally Walker, P.O. Nameer and Latha Ravikumar (2005). Status of South Asian Non-volant Small Mammals: Conservation Assessment and Management Plan (C.A.M.P.) Workshop Report. Zoo Outreach Organisation / CBSG-South Asia, Coimbatore, India, 618pp.",Regional (multi-national)
94805,"Mus musculus Linnaeus, 1758",House Mouse,2005,Nepal,Status of South Asian Non-volant Small Mammals: Conservation Assessment and Management Plan (C.A.M.P.) Workshop Report,IUCN,"Least Concern
LC","Sanjay Molur, C. Srinivasulu, Bhargavi Srinivasulu, Sally Walker, P.O. Nameer and Latha Ravikumar (2005). Status of South Asian Non-volant Small Mammals: Conservation Assessment and Management Plan (C.A.M.P.) Workshop Report. Zoo Outreach Organisation / CBSG-South Asia, Coimbatore, India, 618pp.",National
94803,"Mus musculus Linnaeus, 1758",House Mouse,2005,"Nepal, India, Pakistan, Myanmar, Viet Nam, Thailand, Indonesia, Philippines (the), Singapore",Status of South Asian Non-volant Small Mammals: Conservation Assessment and Management Plan (C.A.M.P.) Workshop Report,IUCN,"Least Concern
LC","Sanjay Molur, C. Srinivasulu, Bhargavi Srinivasulu, Sally Walker, P.O. Nameer and Latha Ravikumar (2005). Status of South Asian Non-volant Small Mammals: Conservation Assessment and Management Plan (C.A.M.P.) Workshop Report. Zoo Outreach Organisation / CBSG-South Asia, Coimbatore, India, 618pp.",Regional (multi-national)
94809,"Mus pahari Thomas, 1916",Sikkim Mouse,2005,"Nepal, India, Pakistan, Myanmar, Viet Nam, Thailand, Indonesia, Philippines (the), Singapore",Status of South Asian Non-volant Small Mammals: Conservation Assessment and Management Plan (C.A.M.P.) Workshop Report,IUCN,"Least Concern
LC","Sanjay Molur, C. Srinivasulu, Bhargavi Srinivasulu, Sally Walker, P.O. Nameer and Latha Ravikumar (2005). Status of South Asian Non-volant Small Mammals: Conservation Assessment and Management Plan (C.A.M.P.) Workshop Report. Zoo Outreach Organisation / CBSG-South Asia, Coimbatore, India, 618pp.",Regional (multi-national)
94813,"Mus phillipsi Wroughton, 1912","Wroughton's Small Spiny Mouse, Wroughton's Mouse",2005,Nepal,Status of South Asian Non-volant Small Mammals: Conservation Assessment and Management Plan (C.A.M.P.) Workshop Report,IUCN,"Data Deficient
DD","Sanjay Molur, C. Srinivasulu, Bhargavi Srinivasulu, Sally Walker, P.O. Nameer and Latha Ravikumar (2005). Status of South Asian Non-volant Small Mammals: Conservation Assessment and Management Plan (C.A.M.P.) Workshop Report. Zoo Outreach Organisation / CBSG-South Asia, Coimbatore, India, 618pp.",National
94812,"Mus phillipsi Wroughton, 1912","Wroughton's Small Spiny Mouse, Wroughton's Mouse",2005,"Nepal, India, Pakistan, Myanmar, Viet Nam, Thailand, Indonesia, Philippines (the), Singapore",Status of South Asian Non-volant Small Mammals: Conservation Assessment and Management Plan (C.A.M.P.) Workshop Report,IUCN,"Least Concern
LC","Sanjay Molur, C. Srinivasulu, Bhargavi Srinivasulu, Sally Walker, P.O. Nameer and Latha Ravikumar (2005). Status of South Asian Non-volant Small Mammals: Conservation Assessment and Management Plan (C.A.M.P.) Workshop Report. Zoo Outreach Organisation / CBSG-South Asia, Coimbatore, India, 618pp.",Regional (multi-national)
94818,"Mus saxicola Elliot, 1839","Elliot's Spiny Mouse, Elliot's Brown Spiny Mouse",2005,Nepal,Status of South Asian Non-volant Small Mammals: Conservation Assessment and Management Plan (C.A.M.P.) Workshop Report,IUCN,"Data Deficient
DD","Sanjay Molur, C. Srinivasulu, Bhargavi Srinivasulu, Sally Walker, P.O. Nameer and Latha Ravikumar (2005). Status of South Asian Non-volant Small Mammals: Conservation Assessment and Management Plan (C.A.M.P.) Workshop Report. Zoo Outreach Organisation / CBSG-South Asia, Coimbatore, India, 618pp.",National
94816,"Mus saxicola Elliot, 1839","Elliot's Spiny Mouse, Elliot's Brown Spiny Mouse",2005,"Nepal, India, Pakistan, Myanmar, Viet Nam, Thailand, Indonesia, Philippines (the), Singapore",Status of South Asian Non-volant Small Mammals: Conservation Assessment and Management Plan (C.A.M.P.) Workshop Report,IUCN,"Least Concern
LC","Sanjay Molur, C. Srinivasulu, Bhargavi Srinivasulu, Sally Walker, P.O. Nameer and Latha Ravikumar (2005). Status of South Asian Non-volant Small Mammals: Conservation Assessment and Management Plan (C.A.M.P.) Workshop Report. Zoo Outreach Organisation / CBSG-South Asia, Coimbatore, India, 618pp.",Regional (multi-national)
94821,"Nectogale elegans Milne-Edwards, 1870",Web-footed Water Shrew ­ Elegant Water Shrew,2005,Nepal,Status of South Asian Non-volant Small Mammals: Conservation Assessment and Management Plan (C.A.M.P.) Workshop Report,IUCN,"Near Threatened (Downlisted from Vulnerable)
NT°","Sanjay Molur, C. Srinivasulu, Bhargavi Srinivasulu, Sally Walker, P.O. Nameer and Latha Ravikumar (2005). Status of South Asian Non-volant Small Mammals: Conservation Assessment and Management Plan (C.A.M.P.) Workshop Report. Zoo Outreach Organisation / CBSG-South Asia, Coimbatore, India, 618pp.",National
94820,"Nectogale elegans Milne-Edwards, 1870",Web-footed Water Shrew ­ Elegant Water Shrew,2005,"Nepal, India, Pakistan, Myanmar, Viet Nam, Thailand, Indonesia, Philippines (the), Singapore",Status of South Asian Non-volant Small Mammals: Conservation Assessment and Management Plan (C.A.M.P.) Workshop Report,IUCN,"Near Threatened (Downlisted from Vulnerable)
NT°","Sanjay Molur, C. Srinivasulu, Bhargavi Srinivasulu, Sally Walker, P.O. Nameer and Latha Ravikumar (2005). Status of South Asian Non-volant Small Mammals: Conservation Assessment and Management Plan (C.A.M.P.) Workshop Report. Zoo Outreach Organisation / CBSG-South Asia, Coimbatore, India, 618pp.",Regional (multi-national)
94825,"Nesokia indica Gray & Hardwicke, 1832",Short-tailed Bandicoot-rat,2005,Nepal,Status of South Asian Non-volant Small Mammals: Conservation Assessment and Management Plan (C.A.M.P.) Workshop Report,IUCN,"Least Concern
LC","Sanjay Molur, C. Srinivasulu, Bhargavi Srinivasulu, Sally Walker, P.O. Nameer and Latha Ravikumar (2005). Status of South Asian Non-volant Small Mammals: Conservation Assessment and Management Plan (C.A.M.P.) Workshop Report. Zoo Outreach Organisation / CBSG-South Asia, Coimbatore, India, 618pp.",National
94823,"Nesokia indica Gray & Hardwicke, 1832",Short-tailed Bandicoot-rat,2005,"Nepal, India, Pakistan, Myanmar, Viet Nam, Thailand, Indonesia, Philippines (the), Singapore",Status of South Asian Non-volant Small Mammals: Conservation Assessment and Management Plan (C.A.M.P.) Workshop Report,IUCN,"Least Concern
LC","Sanjay Molur, C. Srinivasulu, Bhargavi Srinivasulu, Sally Walker, P.O. Nameer and Latha Ravikumar (2005). Status of South Asian Non-volant Small Mammals: Conservation Assessment and Management Plan (C.A.M.P.) Workshop Report. Zoo Outreach Organisation / CBSG-South Asia, Coimbatore, India, 618pp.",Regional (multi-national)
94830,"Niviventer eha Wroughton, 1916","Little Himalayan Rat, Smoke-bellied Rat",2005,Nepal,Status of South Asian Non-volant Small Mammals: Conservation Assessment and Management Plan (C.A.M.P.) Workshop Report,IUCN,"Least Concern
LC","Sanjay Molur, C. Srinivasulu, Bhargavi Srinivasulu, Sally Walker, P.O. Nameer and Latha Ravikumar (2005). Status of South Asian Non-volant Small Mammals: Conservation Assessment and Management Plan (C.A.M.P.) Workshop Report. Zoo Outreach Organisation / CBSG-South Asia, Coimbatore, India, 618pp.",National
94829,"Niviventer eha Wroughton, 1916","Little Himalayan Rat, Smoke-bellied Rat",2005,"Nepal, India, Pakistan, Myanmar, Viet Nam, Thailand, Indonesia, Philippines (the), Singapore",Status of South Asian Non-volant Small Mammals: Conservation Assessment and Management Plan (C.A.M.P.) Workshop Report,IUCN,"Least Concern
LC","Sanjay Molur, C. Srinivasulu, Bhargavi Srinivasulu, Sally Walker, P.O. Nameer and Latha Ravikumar (2005). Status of South Asian Non-volant Small Mammals: Conservation Assessment and Management Plan (C.A.M.P.) Workshop Report. Zoo Outreach Organisation / CBSG-South Asia, Coimbatore, India, 618pp.",Regional (multi-national)
94834,"Niviventer fulvescens Gray, 1847",Chestnut Rat,2005,Nepal,Status of South Asian Non-volant Small Mammals: Conservation Assessment and Management Plan (C.A.M.P.) Workshop Report,IUCN,"Least Concern
LC","Sanjay Molur, C. Srinivasulu, Bhargavi Srinivasulu, Sally Walker, P.O. Nameer and Latha Ravikumar (2005). Status of South Asian Non-volant Small Mammals: Conservation Assessment and Management Plan (C.A.M.P.) Workshop Report. Zoo Outreach Organisation / CBSG-South Asia, Coimbatore, India, 618pp.",National
94832,"Niviventer fulvescens Gray, 1847",Chestnut Rat,2005,"Nepal, India, Pakistan, Myanmar, Viet Nam, Thailand, Indonesia, Philippines (the), Singapore",Status of South Asian Non-volant Small Mammals: Conservation Assessment and Management Plan (C.A.M.P.) Workshop Report,IUCN,"Least Concern
LC","Sanjay Molur, C. Srinivasulu, Bhargavi Srinivasulu, Sally Walker, P.O. Nameer and Latha Ravikumar (2005). Status of South Asian Non-volant Small Mammals: Conservation Assessment and Management Plan (C.A.M.P.) Workshop Report. Zoo Outreach Organisation / CBSG-South Asia, Coimbatore, India, 618pp.",Regional (multi-national)
94838,"Niviventer niviventer Hodgson, 1836","Himalayan White-bellied Rat, White-bellied Rat",2005,Nepal,Status of South Asian Non-volant Small Mammals: Conservation Assessment and Management Plan (C.A.M.P.) Workshop Report,IUCN,"Data Deficient
DD","Sanjay Molur, C. Srinivasulu, Bhargavi Srinivasulu, Sally Walker, P.O. Nameer and Latha Ravikumar (2005). Status of South Asian Non-volant Small Mammals: Conservation Assessment and Management Plan (C.A.M.P.) Workshop Report. Zoo Outreach Organisation / CBSG-South Asia, Coimbatore, India, 618pp.",National
94837,"Niviventer niviventer Hodgson, 1836","Himalayan White-bellied Rat, White-bellied Rat",2005,"Nepal, India, Pakistan, Myanmar, Viet Nam, Thailand, Indonesia, Philippines (the), Singapore",Status of South Asian Non-volant Small Mammals: Conservation Assessment and Management Plan (C.A.M.P.) Workshop Report,IUCN,"Least Concern
LC","Sanjay Molur, C. Srinivasulu, Bhargavi Srinivasulu, Sally Walker, P.O. Nameer and Latha Ravikumar (2005). Status of South Asian Non-volant Small Mammals: Conservation Assessment and Management Plan (C.A.M.P.) Workshop Report. Zoo Outreach Organisation / CBSG-South Asia, Coimbatore, India, 618pp.",Regional (multi-national)
94843,"Ochotona curzoniae Hodgson, 1858","Black-lipped Pika, Plateau Pika",2005,Nepal,Status of South Asian Non-volant Small Mammals: Conservation Assessment and Management Plan (C.A.M.P.) Workshop Report,IUCN,"Vulnerable (Downlisted from Endangered)
VU°","Sanjay Molur, C. Srinivasulu, Bhargavi Srinivasulu, Sally Walker, P.O. Nameer and Latha Ravikumar (2005). Status of South Asian Non-volant Small Mammals: Conservation Assessment and Management Plan (C.A.M.P.) Workshop Report. Zoo Outreach Organisation / CBSG-South Asia, Coimbatore, India, 618pp.",National
94842,"Ochotona curzoniae Hodgson, 1858","Black-lipped Pika, Plateau Pika",2005,"Nepal, India, Pakistan, Myanmar, Viet Nam, Thailand, Indonesia, Philippines (the), Singapore",Status of South Asian Non-volant Small Mammals: Conservation Assessment and Management Plan (C.A.M.P.) Workshop Report,IUCN,"Near Threatened (Downlisted from Vulnerable)
NT°","Sanjay Molur, C. Srinivasulu, Bhargavi Srinivasulu, Sally Walker, P.O. Nameer and Latha Ravikumar (2005). Status of South Asian Non-volant Small Mammals: Conservation Assessment and Management Plan (C.A.M.P.) Workshop Report. Zoo Outreach Organisation / CBSG-South Asia, Coimbatore, India, 618pp.",Regional (multi-national)
94845,"Ochotona forresti Thomas, 1923",Forrest's Pika,2005,"Nepal, India, Pakistan, Myanmar, Viet Nam, Thailand, Indonesia, Philippines (the), Singapore",Status of South Asian Non-volant Small Mammals: Conservation Assessment and Management Plan (C.A.M.P.) Workshop Report,IUCN,"Data Deficient
DD","Sanjay Molur, C. Srinivasulu, Bhargavi Srinivasulu, Sally Walker, P.O. Nameer and Latha Ravikumar (2005). Status of South Asian Non-volant Small Mammals: Conservation Assessment and Management Plan (C.A.M.P.) Workshop Report. Zoo Outreach Organisation / CBSG-South Asia, Coimbatore, India, 618pp.",Regional (multi-national)
94848,"Ochotona himalayana Feng, 1973",Himalayan Pika,2005,Nepal,Status of South Asian Non-volant Small Mammals: Conservation Assessment and Management Plan (C.A.M.P.) Workshop Report,IUCN,"Near Threatened (Downlisted from Vulnerable)
NT°","Sanjay Molur, C. Srinivasulu, Bhargavi Srinivasulu, Sally Walker, P.O. Nameer and Latha Ravikumar (2005). Status of South Asian Non-volant Small Mammals: Conservation Assessment and Management Plan (C.A.M.P.) Workshop Report. Zoo Outreach Organisation / CBSG-South Asia, Coimbatore, India, 618pp.",National
94849,"Ochotona ladacensis Gunther, 1875",Ladakh Pika,2005,"Nepal, India, Pakistan, Myanmar, Viet Nam, Thailand, Indonesia, Philippines (the), Singapore",Status of South Asian Non-volant Small Mammals: Conservation Assessment and Management Plan (C.A.M.P.) Workshop Report,IUCN,"Least Concern
LC","Sanjay Molur, C. Srinivasulu, Bhargavi Srinivasulu, Sally Walker, P.O. Nameer and Latha Ravikumar (2005). Status of South Asian Non-volant Small Mammals: Conservation Assessment and Management Plan (C.A.M.P.) Workshop Report. Zoo Outreach Organisation / CBSG-South Asia, Coimbatore, India, 618pp.",Regional (multi-national)
94854,"Ochotona macrotis Gunther, 1875",Large-eared Pika,2005,Nepal,Status of South Asian Non-volant Small Mammals: Conservation Assessment and Management Plan (C.A.M.P.) Workshop Report,IUCN,"Vulnerable (Downlisted from Endangered)
VU°","Sanjay Molur, C. Srinivasulu, Bhargavi Srinivasulu, Sally Walker, P.O. Nameer and Latha Ravikumar (2005). Status of South Asian Non-volant Small Mammals: Conservation Assessment and Management Plan (C.A.M.P.) Workshop Report. Zoo Outreach Organisation / CBSG-South Asia, Coimbatore, India, 618pp.",National
94852,"Ochotona macrotis Gunther, 1875",Large-eared Pika,2005,"Nepal, India, Pakistan, Myanmar, Viet Nam, Thailand, Indonesia, Philippines (the), Singapore",Status of South Asian Non-volant Small Mammals: Conservation Assessment and Management Plan (C.A.M.P.) Workshop Report,IUCN,"Least Concern
LC","Sanjay Molur, C. Srinivasulu, Bhargavi Srinivasulu, Sally Walker, P.O. Nameer and Latha Ravikumar (2005). Status of South Asian Non-volant Small Mammals: Conservation Assessment and Management Plan (C.A.M.P.) Workshop Report. Zoo Outreach Organisation / CBSG-South Asia, Coimbatore, India, 618pp.",Regional (multi-national)
94858,"Ochotona nubrica Thomas, 1922",Nubra Pika,2005,Nepal,Status of South Asian Non-volant Small Mammals: Conservation Assessment and Management Plan (C.A.M.P.) Workshop Report,IUCN,"Data Deficient
DD","Sanjay Molur, C. Srinivasulu, Bhargavi Srinivasulu, Sally Walker, P.O. Nameer and Latha Ravikumar (2005). Status of South Asian Non-volant Small Mammals: Conservation Assessment and Management Plan (C.A.M.P.) Workshop Report. Zoo Outreach Organisation / CBSG-South Asia, Coimbatore, India, 618pp.",National
94857,"Ochotona nubrica Thomas, 1922",Nubra Pika,2005,"Nepal, India, Pakistan, Myanmar, Viet Nam, Thailand, Indonesia, Philippines (the), Singapore",Status of South Asian Non-volant Small Mammals: Conservation Assessment and Management Plan (C.A.M.P.) Workshop Report,IUCN,"Data Deficient
DD","Sanjay Molur, C. Srinivasulu, Bhargavi Srinivasulu, Sally Walker, P.O. Nameer and Latha Ravikumar (2005). Status of South Asian Non-volant Small Mammals: Conservation Assessment and Management Plan (C.A.M.P.) Workshop Report. Zoo Outreach Organisation / CBSG-South Asia, Coimbatore, India, 618pp.",Regional (multi-national)
94862,"Ochotona roylei Ogilby, 1839",Royle's Pika,2005,Nepal,Status of South Asian Non-volant Small Mammals: Conservation Assessment and Management Plan (C.A.M.P.) Workshop Report,IUCN,"Least Concern
LC","Sanjay Molur, C. Srinivasulu, Bhargavi Srinivasulu, Sally Walker, P.O. Nameer and Latha Ravikumar (2005). Status of South Asian Non-volant Small Mammals: Conservation Assessment and Management Plan (C.A.M.P.) Workshop Report. Zoo Outreach Organisation / CBSG-South Asia, Coimbatore, India, 618pp.",National
94860,"Ochotona roylei Ogilby, 1839",Royle's Pika,2005,"Nepal, India, Pakistan, Myanmar, Viet Nam, Thailand, Indonesia, Philippines (the), Singapore",Status of South Asian Non-volant Small Mammals: Conservation Assessment and Management Plan (C.A.M.P.) Workshop Report,IUCN,"Least Concern
LC","Sanjay Molur, C. Srinivasulu, Bhargavi Srinivasulu, Sally Walker, P.O. Nameer and Latha Ravikumar (2005). Status of South Asian Non-volant Small Mammals: Conservation Assessment and Management Plan (C.A.M.P.) Workshop Report. Zoo Outreach Organisation / CBSG-South Asia, Coimbatore, India, 618pp.",Regional (multi-national)
94865,"Ochotona thibetana Milne-Edwards, 1871","Manipur Pika, Moupin Pika",2005,"Nepal, India, Pakistan, Myanmar, Viet Nam, Thailand, Indonesia, Philippines (the), Singapore",Status of South Asian Non-volant Small Mammals: Conservation Assessment and Management Plan (C.A.M.P.) Workshop Report,IUCN,"Vulnerable (Downlisted from Endangered)
VU°","Sanjay Molur, C. Srinivasulu, Bhargavi Srinivasulu, Sally Walker, P.O. Nameer and Latha Ravikumar (2005). Status of South Asian Non-volant Small Mammals: Conservation Assessment and Management Plan (C.A.M.P.) Workshop Report. Zoo Outreach Organisation / CBSG-South Asia, Coimbatore, India, 618pp.",Regional (multi-national)
94868,"Parascaptor leucura Blyth, 1850","Indian Mole, White-tailed Mole, Assamese Mole",2005,"Nepal, India, Pakistan, Myanmar, Viet Nam, Thailand, Indonesia, Philippines (the), Singapore",Status of South Asian Non-volant Small Mammals: Conservation Assessment and Management Plan (C.A.M.P.) Workshop Report,IUCN,"Least Concern
LC","Sanjay Molur, C. Srinivasulu, Bhargavi Srinivasulu, Sally Walker, P.O. Nameer and Latha Ravikumar (2005). Status of South Asian Non-volant Small Mammals: Conservation Assessment and Management Plan (C.A.M.P.) Workshop Report. Zoo Outreach Organisation / CBSG-South Asia, Coimbatore, India, 618pp.",Regional (multi-national)
94872,"Petaurista caniceps Gray, 1842","Grey-headed Flying Squirrel, Lesser Giant Squirrel, Hill Squirrel",2005,Nepal,Status of South Asian Non-volant Small Mammals: Conservation Assessment and Management Plan (C.A.M.P.) Workshop Report,IUCN,"Vulnerable (Downlisted from Endangered)
VU°","Sanjay Molur, C. Srinivasulu, Bhargavi Srinivasulu, Sally Walker, P.O. Nameer and Latha Ravikumar (2005). Status of South Asian Non-volant Small Mammals: Conservation Assessment and Management Plan (C.A.M.P.) Workshop Report. Zoo Outreach Organisation / CBSG-South Asia, Coimbatore, India, 618pp.",National
94871,"Petaurista caniceps Gray, 1842","Grey-headed Flying Squirrel, Lesser Giant Squirrel, Hill Squirrel",2005,"Nepal, India, Pakistan, Myanmar, Viet Nam, Thailand, Indonesia, Philippines (the), Singapore",Status of South Asian Non-volant Small Mammals: Conservation Assessment and Management Plan (C.A.M.P.) Workshop Report,IUCN,"Near Threatened (Downlisted from Vulnerable)
NT°","Sanjay Molur, C. Srinivasulu, Bhargavi Srinivasulu, Sally Walker, P.O. Nameer and Latha Ravikumar (2005). Status of South Asian Non-volant Small Mammals: Conservation Assessment and Management Plan (C.A.M.P.) Workshop Report. Zoo Outreach Organisation / CBSG-South Asia, Coimbatore, India, 618pp.",Regional (multi-national)
94876,"Petaurista magnificus Hodgson, 1836","Hodgson's Gliding Squirrel, Hodgson's Flying Squirrel",2005,Nepal,Status of South Asian Non-volant Small Mammals: Conservation Assessment and Management Plan (C.A.M.P.) Workshop Report,IUCN,"Data Deficient
DD","Sanjay Molur, C. Srinivasulu, Bhargavi Srinivasulu, Sally Walker, P.O. Nameer and Latha Ravikumar (2005). Status of South Asian Non-volant Small Mammals: Conservation Assessment and Management Plan (C.A.M.P.) Workshop Report. Zoo Outreach Organisation / CBSG-South Asia, Coimbatore, India, 618pp.",National
94875,"Petaurista magnificus Hodgson, 1836","Hodgson's Gliding Squirrel, Hodgson's Flying Squirrel",2005,"Nepal, India, Pakistan, Myanmar, Viet Nam, Thailand, Indonesia, Philippines (the), Singapore",Status of South Asian Non-volant Small Mammals: Conservation Assessment and Management Plan (C.A.M.P.) Workshop Report,IUCN,"Vulnerable
VU","Sanjay Molur, C. Srinivasulu, Bhargavi Srinivasulu, Sally Walker, P.O. Nameer and Latha Ravikumar (2005). Status of South Asian Non-volant Small Mammals: Conservation Assessment and Management Plan (C.A.M.P.) Workshop Report. Zoo Outreach Organisation / CBSG-South Asia, Coimbatore, India, 618pp.",Regional (multi-national)
94880,"Petaurista nobilis Gray, 1842",,2005,Nepal,Status of South Asian Non-volant Small Mammals: Conservation Assessment and Management Plan (C.A.M.P.) Workshop Report,IUCN,"Endangered
EN","Sanjay Molur, C. Srinivasulu, Bhargavi Srinivasulu, Sally Walker, P.O. Nameer and Latha Ravikumar (2005). Status of South Asian Non-volant Small Mammals: Conservation Assessment and Management Plan (C.A.M.P.) Workshop Report. Zoo Outreach Organisation / CBSG-South Asia, Coimbatore, India, 618pp.",National
94879,"Petaurista nobilis Gray, 1842","Noble Giant Flying Squirrel, Gray's Giant Flying Squirrel",2005,"Nepal, India, Pakistan, Myanmar, Viet Nam, Thailand, Indonesia, Philippines (the), Singapore",Status of South Asian Non-volant Small Mammals: Conservation Assessment and Management Plan (C.A.M.P.) Workshop Report,IUCN,"Endangered
EN","Sanjay Molur, C. Srinivasulu, Bhargavi Srinivasulu, Sally Walker, P.O. Nameer and Latha Ravikumar (2005). Status of South Asian Non-volant Small Mammals: Conservation Assessment and Management Plan (C.A.M.P.) Workshop Report. Zoo Outreach Organisation / CBSG-South Asia, Coimbatore, India, 618pp.",Regional (multi-national)
94885,"Petaurista petaurista Pallas, 1766","Red Giant Gliding Squirrel, Red Giant Flying Squirrel, Common Giant Flying Squirrel",2005,Nepal,Status of South Asian Non-volant Small Mammals: Conservation Assessment and Management Plan (C.A.M.P.) Workshop Report,IUCN,"Near Threatened (Downlisted from Vulnerable)
NT°","Sanjay Molur, C. Srinivasulu, Bhargavi Srinivasulu, Sally Walker, P.O. Nameer and Latha Ravikumar (2005). Status of South Asian Non-volant Small Mammals: Conservation Assessment and Management Plan (C.A.M.P.) Workshop Report. Zoo Outreach Organisation / CBSG-South Asia, Coimbatore, India, 618pp.",National
94883,"Petaurista petaurista Pallas, 1766","Red Giant Gliding Squirrel, Red Giant Flying Squirrel, Common Giant Flying Squirrel",2005,"Nepal, India, Pakistan, Myanmar, Viet Nam, Thailand, Indonesia, Philippines (the), Singapore",Status of South Asian Non-volant Small Mammals: Conservation Assessment and Management Plan (C.A.M.P.) Workshop Report,IUCN,"Near Threatened
NT","Sanjay Molur, C. Srinivasulu, Bhargavi Srinivasulu, Sally Walker, P.O. Nameer and Latha Ravikumar (2005). Status of South Asian Non-volant Small Mammals: Conservation Assessment and Management Plan (C.A.M.P.) Workshop Report. Zoo Outreach Organisation / CBSG-South Asia, Coimbatore, India, 618pp.",Regional (multi-national)
94889,"Petaurista philippensis Elliot, 1839","Large Brown Gliding Squirrel, Large Brown Flying Squirrel, South Indian Giant Flying Squirrel, Indian Giant Flying Squirrel",2005,"Nepal, India, Pakistan, Myanmar, Viet Nam, Thailand, Indonesia, Philippines (the), Singapore",Status of South Asian Non-volant Small Mammals: Conservation Assessment and Management Plan (C.A.M.P.) Workshop Report,IUCN,"Near Threatened
NT","Sanjay Molur, C. Srinivasulu, Bhargavi Srinivasulu, Sally Walker, P.O. Nameer and Latha Ravikumar (2005). Status of South Asian Non-volant Small Mammals: Conservation Assessment and Management Plan (C.A.M.P.) Workshop Report. Zoo Outreach Organisation / CBSG-South Asia, Coimbatore, India, 618pp.",Regional (multi-national)
94892,"Petinomys fuscocapillus Jerdon, 1847","Travancore Gliding Squirrel, Travancore Flying Squirrel",2005,"Nepal, India, Pakistan, Myanmar, Viet Nam, Thailand, Indonesia, Philippines (the), Singapore",Status of South Asian Non-volant Small Mammals: Conservation Assessment and Management Plan (C.A.M.P.) Workshop Report,IUCN,"Near Threatened
NT","Sanjay Molur, C. Srinivasulu, Bhargavi Srinivasulu, Sally Walker, P.O. Nameer and Latha Ravikumar (2005). Status of South Asian Non-volant Small Mammals: Conservation Assessment and Management Plan (C.A.M.P.) Workshop Report. Zoo Outreach Organisation / CBSG-South Asia, Coimbatore, India, 618pp.",Regional (multi-national)
94899,"Rattus nitidus Hodgson, 1845",Himalayan Rat,2005,Nepal,Status of South Asian Non-volant Small Mammals: Conservation Assessment and Management Plan (C.A.M.P.) Workshop Report,IUCN,"Least Concern
LC","Sanjay Molur, C. Srinivasulu, Bhargavi Srinivasulu, Sally Walker, P.O. Nameer and Latha Ravikumar (2005). Status of South Asian Non-volant Small Mammals: Conservation Assessment and Management Plan (C.A.M.P.) Workshop Report. Zoo Outreach Organisation / CBSG-South Asia, Coimbatore, India, 618pp.",National
94898,"Rattus nitidus Hodgson, 1845",Himalayan Rat,2005,"Nepal, India, Pakistan, Myanmar, Viet Nam, Thailand, Indonesia, Philippines (the), Singapore",Status of South Asian Non-volant Small Mammals: Conservation Assessment and Management Plan (C.A.M.P.) Workshop Report,IUCN,"Least Concern
LC","Sanjay Molur, C. Srinivasulu, Bhargavi Srinivasulu, Sally Walker, P.O. Nameer and Latha Ravikumar (2005). Status of South Asian Non-volant Small Mammals: Conservation Assessment and Management Plan (C.A.M.P.) Workshop Report. Zoo Outreach Organisation / CBSG-South Asia, Coimbatore, India, 618pp.",Regional (multi-national)
94904,"Rattus norvegicus Berkenhout, 1769","Norway Rat, Brown Rat",2005,"Nepal, India, Pakistan, Myanmar, Viet Nam, Thailand, Indonesia, Philippines (the), Singapore",Status of South Asian Non-volant Small Mammals: Conservation Assessment and Management Plan (C.A.M.P.) Workshop Report,IUCN,"Not Evaluated
NE","Sanjay Molur, C. Srinivasulu, Bhargavi Srinivasulu, Sally Walker, P.O. Nameer and Latha Ravikumar (2005). Status of South Asian Non-volant Small Mammals: Conservation Assessment and Management Plan (C.A.M.P.) Workshop Report. Zoo Outreach Organisation / CBSG-South Asia, Coimbatore, India, 618pp.",Regional (multi-national)
94912,"Rattus rattus Linnaeus, 1758","Common House Rat, House Rat, Black Rat",2005,Nepal,Status of South Asian Non-volant Small Mammals: Conservation Assessment and Management Plan (C.A.M.P.) Workshop Report,IUCN,"Least Concern
LC","Sanjay Molur, C. Srinivasulu, Bhargavi Srinivasulu, Sally Walker, P.O. Nameer and Latha Ravikumar (2005). Status of South Asian Non-volant Small Mammals: Conservation Assessment and Management Plan (C.A.M.P.) Workshop Report. Zoo Outreach Organisation / CBSG-South Asia, Coimbatore, India, 618pp.",National
94910,"Rattus rattus Linnaeus, 1758","Common House Rat, House Rat, Black Rat",2005,"Nepal, India, Pakistan, Myanmar, Viet Nam, Thailand, Indonesia, Philippines (the), Singapore",Status of South Asian Non-volant Small Mammals: Conservation Assessment and Management Plan (C.A.M.P.) Workshop Report,IUCN,"Least Concern
LC","Sanjay Molur, C. Srinivasulu, Bhargavi Srinivasulu, Sally Walker, P.O. Nameer and Latha Ravikumar (2005). Status of South Asian Non-volant Small Mammals: Conservation Assessment and Management Plan (C.A.M.P.) Workshop Report. Zoo Outreach Organisation / CBSG-South Asia, Coimbatore, India, 618pp.",Regional (multi-national)
94917,"Rattus sikkimensis Hinton, 1919",Sikkim Rat,2005,Nepal,Status of South Asian Non-volant Small Mammals: Conservation Assessment and Management Plan (C.A.M.P.) Workshop Report,IUCN,"Least Concern
LC","Sanjay Molur, C. Srinivasulu, Bhargavi Srinivasulu, Sally Walker, P.O. Nameer and Latha Ravikumar (2005). Status of South Asian Non-volant Small Mammals: Conservation Assessment and Management Plan (C.A.M.P.) Workshop Report. Zoo Outreach Organisation / CBSG-South Asia, Coimbatore, India, 618pp.",National
94916,"Rattus sikkimensis Hinton, 1919",Sikkim Rat,2005,"Nepal, India, Pakistan, Myanmar, Viet Nam, Thailand, Indonesia, Philippines (the), Singapore",Status of South Asian Non-volant Small Mammals: Conservation Assessment and Management Plan (C.A.M.P.) Workshop Report,IUCN,"Least Concern
LC","Sanjay Molur, C. Srinivasulu, Bhargavi Srinivasulu, Sally Walker, P.O. Nameer and Latha Ravikumar (2005). Status of South Asian Non-volant Small Mammals: Conservation Assessment and Management Plan (C.A.M.P.) Workshop Report. Zoo Outreach Organisation / CBSG-South Asia, Coimbatore, India, 618pp.",Regional (multi-national)
94922,"Rattus tanezumi Temminck, 1844",Tanezumi Rat,2005,Nepal,Status of South Asian Non-volant Small Mammals: Conservation Assessment and Management Plan (C.A.M.P.) Workshop Report,IUCN,"Not Evaluated
NE","Sanjay Molur, C. Srinivasulu, Bhargavi Srinivasulu, Sally Walker, P.O. Nameer and Latha Ravikumar (2005). Status of South Asian Non-volant Small Mammals: Conservation Assessment and Management Plan (C.A.M.P.) Workshop Report. Zoo Outreach Organisation / CBSG-South Asia, Coimbatore, India, 618pp.",National
94920,"Rattus tanezumi Temminck, 1844",Tanezumi Rat,2005,"Nepal, India, Pakistan, Myanmar, Viet Nam, Thailand, Indonesia, Philippines (the), Singapore",Status of South Asian Non-volant Small Mammals: Conservation Assessment and Management Plan (C.A.M.P.) Workshop Report,IUCN,"Not Evaluated
NE","Sanjay Molur, C. Srinivasulu, Bhargavi Srinivasulu, Sally Walker, P.O. Nameer and Latha Ravikumar (2005). Status of South Asian Non-volant Small Mammals: Conservation Assessment and Management Plan (C.A.M.P.) Workshop Report. Zoo Outreach Organisation / CBSG-South Asia, Coimbatore, India, 618pp.",Regional (multi-national)
94927,"Rattus turkestanicus Satunin, 1903",Turkestan Rat,2005,Nepal,Status of South Asian Non-volant Small Mammals: Conservation Assessment and Management Plan (C.A.M.P.) Workshop Report,IUCN,"Least Concern
LC","Sanjay Molur, C. Srinivasulu, Bhargavi Srinivasulu, Sally Walker, P.O. Nameer and Latha Ravikumar (2005). Status of South Asian Non-volant Small Mammals: Conservation Assessment and Management Plan (C.A.M.P.) Workshop Report. Zoo Outreach Organisation / CBSG-South Asia, Coimbatore, India, 618pp.",National
94925,"Rattus turkestanicus Satunin, 1903",Turkestan Rat,2005,"Nepal, India, Pakistan, Myanmar, Viet Nam, Thailand, Indonesia, Philippines (the), Singapore",Status of South Asian Non-volant Small Mammals: Conservation Assessment and Management Plan (C.A.M.P.) Workshop Report,IUCN,"Least Concern
LC","Sanjay Molur, C. Srinivasulu, Bhargavi Srinivasulu, Sally Walker, P.O. Nameer and Latha Ravikumar (2005). Status of South Asian Non-volant Small Mammals: Conservation Assessment and Management Plan (C.A.M.P.) Workshop Report. Zoo Outreach Organisation / CBSG-South Asia, Coimbatore, India, 618pp.",Regional (multi-national)
94931,"Rattus vicerex Bonhote, 1903",Short-tailed Turkestan Rat,2005,"Nepal, India, Pakistan, Myanmar, Viet Nam, Thailand, Indonesia, Philippines (the), Singapore",Status of South Asian Non-volant Small Mammals: Conservation Assessment and Management Plan (C.A.M.P.) Workshop Report,IUCN,"Least Concern
LC","Sanjay Molur, C. Srinivasulu, Bhargavi Srinivasulu, Sally Walker, P.O. Nameer and Latha Ravikumar (2005). Status of South Asian Non-volant Small Mammals: Conservation Assessment and Management Plan (C.A.M.P.) Workshop Report. Zoo Outreach Organisation / CBSG-South Asia, Coimbatore, India, 618pp.",Regional (multi-national)
94935,"Ratufa bicolor Sparrman, 1778","Black Giant Squirrel, Bicoloured Giant Squirrel, Malayan Giant Squirrel",2005,Nepal,Status of South Asian Non-volant Small Mammals: Conservation Assessment and Management Plan (C.A.M.P.) Workshop Report,IUCN,"Data Deficient
DD","Sanjay Molur, C. Srinivasulu, Bhargavi Srinivasulu, Sally Walker, P.O. Nameer and Latha Ravikumar (2005). Status of South Asian Non-volant Small Mammals: Conservation Assessment and Management Plan (C.A.M.P.) Workshop Report. Zoo Outreach Organisation / CBSG-South Asia, Coimbatore, India, 618pp.",National
94934,"Ratufa bicolor Sparrman, 1778","Black Giant Squirrel, Bicoloured Giant Squirrel, Malayan Giant Squirrel",2005,"Nepal, India, Pakistan, Myanmar, Viet Nam, Thailand, Indonesia, Philippines (the), Singapore",Status of South Asian Non-volant Small Mammals: Conservation Assessment and Management Plan (C.A.M.P.) Workshop Report,IUCN,"Least Concern
LC","Sanjay Molur, C. Srinivasulu, Bhargavi Srinivasulu, Sally Walker, P.O. Nameer and Latha Ravikumar (2005). Status of South Asian Non-volant Small Mammals: Conservation Assessment and Management Plan (C.A.M.P.) Workshop Report. Zoo Outreach Organisation / CBSG-South Asia, Coimbatore, India, 618pp.",Regional (multi-national)
94941,"Ratufa macroura Pennant, 1769",Grizzled Giant Squirrel,2005,"Nepal, India, Pakistan, Myanmar, Viet Nam, Thailand, Indonesia, Philippines (the), Singapore",Status of South Asian Non-volant Small Mammals: Conservation Assessment and Management Plan (C.A.M.P.) Workshop Report,IUCN,"Vulnerable
VU","Sanjay Molur, C. Srinivasulu, Bhargavi Srinivasulu, Sally Walker, P.O. Nameer and Latha Ravikumar (2005). Status of South Asian Non-volant Small Mammals: Conservation Assessment and Management Plan (C.A.M.P.) Workshop Report. Zoo Outreach Organisation / CBSG-South Asia, Coimbatore, India, 618pp.",Regional (multi-national)
94946,"Sicista concolor Buchner, 1892","Chinese Birch Mouse, Kashmir Birch Mouse",2005,"Nepal, India, Pakistan, Myanmar, Viet Nam, Thailand, Indonesia, Philippines (the), Singapore",Status of South Asian Non-volant Small Mammals: Conservation Assessment and Management Plan (C.A.M.P.) Workshop Report,IUCN,"Least Concern
LC","Sanjay Molur, C. Srinivasulu, Bhargavi Srinivasulu, Sally Walker, P.O. Nameer and Latha Ravikumar (2005). Status of South Asian Non-volant Small Mammals: Conservation Assessment and Management Plan (C.A.M.P.) Workshop Report. Zoo Outreach Organisation / CBSG-South Asia, Coimbatore, India, 618pp.",Regional (multi-national)
94950,"Sorex bedfordiae Thomas, 1911",Lesser Stripe-backed Shrew­,2005,Nepal,Status of South Asian Non-volant Small Mammals: Conservation Assessment and Management Plan (C.A.M.P.) Workshop Report,IUCN,"Data Deficient
DD","Sanjay Molur, C. Srinivasulu, Bhargavi Srinivasulu, Sally Walker, P.O. Nameer and Latha Ravikumar (2005). Status of South Asian Non-volant Small Mammals: Conservation Assessment and Management Plan (C.A.M.P.) Workshop Report. Zoo Outreach Organisation / CBSG-South Asia, Coimbatore, India, 618pp.",National
94951,"Sorex excelsus Allen, 1923","Highland Shrew­, Lofty Shrew",2005,Nepal,Status of South Asian Non-volant Small Mammals: Conservation Assessment and Management Plan (C.A.M.P.) Workshop Report,IUCN,"Data Deficient
DD","Sanjay Molur, C. Srinivasulu, Bhargavi Srinivasulu, Sally Walker, P.O. Nameer and Latha Ravikumar (2005). Status of South Asian Non-volant Small Mammals: Conservation Assessment and Management Plan (C.A.M.P.) Workshop Report. Zoo Outreach Organisation / CBSG-South Asia, Coimbatore, India, 618pp.",National
94954,"Sorex minutus Linnaeus, 1766","Lesser Shrew, Pygmy Shrew",2005,Nepal,Status of South Asian Non-volant Small Mammals: Conservation Assessment and Management Plan (C.A.M.P.) Workshop Report,IUCN,"Data Deficient
DD","Sanjay Molur, C. Srinivasulu, Bhargavi Srinivasulu, Sally Walker, P.O. Nameer and Latha Ravikumar (2005). Status of South Asian Non-volant Small Mammals: Conservation Assessment and Management Plan (C.A.M.P.) Workshop Report. Zoo Outreach Organisation / CBSG-South Asia, Coimbatore, India, 618pp.",National
94952,"Sorex minutus Linnaeus, 1766","Lesser Shrew, Pygmy Shrew",2005,"Nepal, India, Pakistan, Myanmar, Viet Nam, Thailand, Indonesia, Philippines (the), Singapore",Status of South Asian Non-volant Small Mammals: Conservation Assessment and Management Plan (C.A.M.P.) Workshop Report,IUCN,"Least Concern
LC","Sanjay Molur, C. Srinivasulu, Bhargavi Srinivasulu, Sally Walker, P.O. Nameer and Latha Ravikumar (2005). Status of South Asian Non-volant Small Mammals: Conservation Assessment and Management Plan (C.A.M.P.) Workshop Report. Zoo Outreach Organisation / CBSG-South Asia, Coimbatore, India, 618pp.",Regional (multi-national)
94956,"Sorex planiceps Miller, 1911",Kashmir Shrew,2005,"Nepal, India, Pakistan, Myanmar, Viet Nam, Thailand, Indonesia, Philippines (the), Singapore",Status of South Asian Non-volant Small Mammals: Conservation Assessment and Management Plan (C.A.M.P.) Workshop Report,IUCN,"Least Concern
LC","Sanjay Molur, C. Srinivasulu, Bhargavi Srinivasulu, Sally Walker, P.O. Nameer and Latha Ravikumar (2005). Status of South Asian Non-volant Small Mammals: Conservation Assessment and Management Plan (C.A.M.P.) Workshop Report. Zoo Outreach Organisation / CBSG-South Asia, Coimbatore, India, 618pp.",Regional (multi-national)
94960,"Soriculus caudatus Horsfield, 1851",Hodgson's Brown-toothed Shrew,2005,Nepal,Status of South Asian Non-volant Small Mammals: Conservation Assessment and Management Plan (C.A.M.P.) Workshop Report,IUCN,"Least Concern
LC","Sanjay Molur, C. Srinivasulu, Bhargavi Srinivasulu, Sally Walker, P.O. Nameer and Latha Ravikumar (2005). Status of South Asian Non-volant Small Mammals: Conservation Assessment and Management Plan (C.A.M.P.) Workshop Report. Zoo Outreach Organisation / CBSG-South Asia, Coimbatore, India, 618pp.",National
94959,"Soriculus caudatus Horsfield, 1851",Hodgson's Brown-toothed Shrew,2005,"Nepal, India, Pakistan, Myanmar, Viet Nam, Thailand, Indonesia, Philippines (the), Singapore",Status of South Asian Non-volant Small Mammals: Conservation Assessment and Management Plan (C.A.M.P.) Workshop Report,IUCN,"Least Concern
LC","Sanjay Molur, C. Srinivasulu, Bhargavi Srinivasulu, Sally Walker, P.O. Nameer and Latha Ravikumar (2005). Status of South Asian Non-volant Small Mammals: Conservation Assessment and Management Plan (C.A.M.P.) Workshop Report. Zoo Outreach Organisation / CBSG-South Asia, Coimbatore, India, 618pp.",Regional (multi-national)
94963,"Soriculus leucops Hodgson, 1855",Indian Long-tailed Shrew,2005,Nepal,Status of South Asian Non-volant Small Mammals: Conservation Assessment and Management Plan (C.A.M.P.) Workshop Report,IUCN,"Least Concern
LC","Sanjay Molur, C. Srinivasulu, Bhargavi Srinivasulu, Sally Walker, P.O. Nameer and Latha Ravikumar (2005). Status of South Asian Non-volant Small Mammals: Conservation Assessment and Management Plan (C.A.M.P.) Workshop Report. Zoo Outreach Organisation / CBSG-South Asia, Coimbatore, India, 618pp.",National
94962,"Soriculus leucops Hodgson, 1855",Indian Long-tailed Shrew,2005,"Nepal, India, Pakistan, Myanmar, Viet Nam, Thailand, Indonesia, Philippines (the), Singapore",Status of South Asian Non-volant Small Mammals: Conservation Assessment and Management Plan (C.A.M.P.) Workshop Report,IUCN,"Least Concern
LC","Sanjay Molur, C. Srinivasulu, Bhargavi Srinivasulu, Sally Walker, P.O. Nameer and Latha Ravikumar (2005). Status of South Asian Non-volant Small Mammals: Conservation Assessment and Management Plan (C.A.M.P.) Workshop Report. Zoo Outreach Organisation / CBSG-South Asia, Coimbatore, India, 618pp.",Regional (multi-national)
94966,"Soriculus macrurus Blanford, 1888",Arboreal Brown-toothed Shrew,2005,Nepal,Status of South Asian Non-volant Small Mammals: Conservation Assessment and Management Plan (C.A.M.P.) Workshop Report,IUCN,"Data Deficient
DD","Sanjay Molur, C. Srinivasulu, Bhargavi Srinivasulu, Sally Walker, P.O. Nameer and Latha Ravikumar (2005). Status of South Asian Non-volant Small Mammals: Conservation Assessment and Management Plan (C.A.M.P.) Workshop Report. Zoo Outreach Organisation / CBSG-South Asia, Coimbatore, India, 618pp.",National
94965,"Soriculus macrurus Blanford, 1888",Arboreal Brown-toothed Shrew,2005,"Nepal, India, Pakistan, Myanmar, Viet Nam, Thailand, Indonesia, Philippines (the), Singapore",Status of South Asian Non-volant Small Mammals: Conservation Assessment and Management Plan (C.A.M.P.) Workshop Report,IUCN,"Near Threatened (Downlisted from Vulnerable)
NT°","Sanjay Molur, C. Srinivasulu, Bhargavi Srinivasulu, Sally Walker, P.O. Nameer and Latha Ravikumar (2005). Status of South Asian Non-volant Small Mammals: Conservation Assessment and Management Plan (C.A.M.P.) Workshop Report. Zoo Outreach Organisation / CBSG-South Asia, Coimbatore, India, 618pp.",Regional (multi-national)
94969,"Soriculus nigriscens Gray, 1842",Sikkim Large-clawed Shrew,2005,Nepal,Status of South Asian Non-volant Small Mammals: Conservation Assessment and Management Plan (C.A.M.P.) Workshop Report,IUCN,"Data Deficient
DD","Sanjay Molur, C. Srinivasulu, Bhargavi Srinivasulu, Sally Walker, P.O. Nameer and Latha Ravikumar (2005). Status of South Asian Non-volant Small Mammals: Conservation Assessment and Management Plan (C.A.M.P.) Workshop Report. Zoo Outreach Organisation / CBSG-South Asia, Coimbatore, India, 618pp.",National
94968,"Soriculus nigriscens Gray, 1842",Sikkim Large-clawed Shrew,2005,"Nepal, India, Pakistan, Myanmar, Viet Nam, Thailand, Indonesia, Philippines (the), Singapore",Status of South Asian Non-volant Small Mammals: Conservation Assessment and Management Plan (C.A.M.P.) Workshop Report,IUCN,"Least Concern
LC","Sanjay Molur, C. Srinivasulu, Bhargavi Srinivasulu, Sally Walker, P.O. Nameer and Latha Ravikumar (2005). Status of South Asian Non-volant Small Mammals: Conservation Assessment and Management Plan (C.A.M.P.) Workshop Report. Zoo Outreach Organisation / CBSG-South Asia, Coimbatore, India, 618pp.",Regional (multi-national)
94977,"Suncus etruscus Savi, 1822","Savi's Pygmy Shrew, Pygmy Shrew",2005,Nepal,Status of South Asian Non-volant Small Mammals: Conservation Assessment and Management Plan (C.A.M.P.) Workshop Report,IUCN,"Least Concern
LC","Sanjay Molur, C. Srinivasulu, Bhargavi Srinivasulu, Sally Walker, P.O. Nameer and Latha Ravikumar (2005). Status of South Asian Non-volant Small Mammals: Conservation Assessment and Management Plan (C.A.M.P.) Workshop Report. Zoo Outreach Organisation / CBSG-South Asia, Coimbatore, India, 618pp.",National
94975,"Suncus etruscus Savi, 1822","Savi's Pygmy Shrew, Pygmy Shrew",2005,"Nepal, India, Pakistan, Myanmar, Viet Nam, Thailand, Indonesia, Philippines (the), Singapore",Status of South Asian Non-volant Small Mammals: Conservation Assessment and Management Plan (C.A.M.P.) Workshop Report,IUCN,"Least Concern
LC","Sanjay Molur, C. Srinivasulu, Bhargavi Srinivasulu, Sally Walker, P.O. Nameer and Latha Ravikumar (2005). Status of South Asian Non-volant Small Mammals: Conservation Assessment and Management Plan (C.A.M.P.) Workshop Report. Zoo Outreach Organisation / CBSG-South Asia, Coimbatore, India, 618pp.",Regional (multi-national)
94982,"Suncus montanus Kelaart, 1850",Hill Shrew,2005,"Nepal, India, Pakistan, Myanmar, Viet Nam, Thailand, Indonesia, Philippines (the), Singapore",Status of South Asian Non-volant Small Mammals: Conservation Assessment and Management Plan (C.A.M.P.) Workshop Report,IUCN,"Endangered
EN","Sanjay Molur, C. Srinivasulu, Bhargavi Srinivasulu, Sally Walker, P.O. Nameer and Latha Ravikumar (2005). Status of South Asian Non-volant Small Mammals: Conservation Assessment and Management Plan (C.A.M.P.) Workshop Report. Zoo Outreach Organisation / CBSG-South Asia, Coimbatore, India, 618pp.",Regional (multi-national)
94987,"Suncus murinus Linnaeus, 1766","House Shrew, Grey Musk Shrew",2005,Nepal,Status of South Asian Non-volant Small Mammals: Conservation Assessment and Management Plan (C.A.M.P.) Workshop Report,IUCN,"Least Concern
LC","Sanjay Molur, C. Srinivasulu, Bhargavi Srinivasulu, Sally Walker, P.O. Nameer and Latha Ravikumar (2005). Status of South Asian Non-volant Small Mammals: Conservation Assessment and Management Plan (C.A.M.P.) Workshop Report. Zoo Outreach Organisation / CBSG-South Asia, Coimbatore, India, 618pp.",National
94985,"Suncus murinus Linnaeus, 1766","House Shrew, Grey Musk Shrew",2005,"Nepal, India, Pakistan, Myanmar, Viet Nam, Thailand, Indonesia, Philippines (the), Singapore",Status of South Asian Non-volant Small Mammals: Conservation Assessment and Management Plan (C.A.M.P.) Workshop Report,IUCN,"Least Concern
LC","Sanjay Molur, C. Srinivasulu, Bhargavi Srinivasulu, Sally Walker, P.O. Nameer and Latha Ravikumar (2005). Status of South Asian Non-volant Small Mammals: Conservation Assessment and Management Plan (C.A.M.P.) Workshop Report. Zoo Outreach Organisation / CBSG-South Asia, Coimbatore, India, 618pp.",Regional (multi-national)
94993,"Suncus stoliczkanus Anderson, 1877",Anderson's Shrew,2005,Nepal,Status of South Asian Non-volant Small Mammals: Conservation Assessment and Management Plan (C.A.M.P.) Workshop Report,IUCN,"Least Concern
LC","Sanjay Molur, C. Srinivasulu, Bhargavi Srinivasulu, Sally Walker, P.O. Nameer and Latha Ravikumar (2005). Status of South Asian Non-volant Small Mammals: Conservation Assessment and Management Plan (C.A.M.P.) Workshop Report. Zoo Outreach Organisation / CBSG-South Asia, Coimbatore, India, 618pp.",National
94991,"Suncus stoliczkanus Anderson, 1877",Anderson's Shrew,2005,"Nepal, India, Pakistan, Myanmar, Viet Nam, Thailand, Indonesia, Philippines (the), Singapore",Status of South Asian Non-volant Small Mammals: Conservation Assessment and Management Plan (C.A.M.P.) Workshop Report,IUCN,"Least Concern
LC","Sanjay Molur, C. Srinivasulu, Bhargavi Srinivasulu, Sally Walker, P.O. Nameer and Latha Ravikumar (2005). Status of South Asian Non-volant Small Mammals: Conservation Assessment and Management Plan (C.A.M.P.) Workshop Report. Zoo Outreach Organisation / CBSG-South Asia, Coimbatore, India, 618pp.",Regional (multi-national)
94997,"Tamiops macclellandi Horsfield, 1840",Himalayan Striped Squirrel,2005,Nepal,Status of South Asian Non-volant Small Mammals: Conservation Assessment and Management Plan (C.A.M.P.) Workshop Report,IUCN,"Data Deficient
DD","Sanjay Molur, C. Srinivasulu, Bhargavi Srinivasulu, Sally Walker, P.O. Nameer and Latha Ravikumar (2005). Status of South Asian Non-volant Small Mammals: Conservation Assessment and Management Plan (C.A.M.P.) Workshop Report. Zoo Outreach Organisation / CBSG-South Asia, Coimbatore, India, 618pp.",National
94996,"Tamiops macclellandi Horsfield, 1840",Himalayan Striped Squirrel,2005,"Nepal, India, Pakistan, Myanmar, Viet Nam, Thailand, Indonesia, Philippines (the), Singapore",Status of South Asian Non-volant Small Mammals: Conservation Assessment and Management Plan (C.A.M.P.) Workshop Report,IUCN,"Least Concern
LC","Sanjay Molur, C. Srinivasulu, Bhargavi Srinivasulu, Sally Walker, P.O. Nameer and Latha Ravikumar (2005). Status of South Asian Non-volant Small Mammals: Conservation Assessment and Management Plan (C.A.M.P.) Workshop Report. Zoo Outreach Organisation / CBSG-South Asia, Coimbatore, India, 618pp.",Regional (multi-national)
95003,"Tatera indica Hardwicke, 1807","Indian Gerbil, Antelope Rat",2005,Nepal,Status of South Asian Non-volant Small Mammals: Conservation Assessment and Management Plan (C.A.M.P.) Workshop Report,IUCN,"Least Concern
LC","Sanjay Molur, C. Srinivasulu, Bhargavi Srinivasulu, Sally Walker, P.O. Nameer and Latha Ravikumar (2005). Status of South Asian Non-volant Small Mammals: Conservation Assessment and Management Plan (C.A.M.P.) Workshop Report. Zoo Outreach Organisation / CBSG-South Asia, Coimbatore, India, 618pp.",National
95001,"Tatera indica Hardwicke, 1807","Indian Gerbil, Antelope Rat",2005,"Nepal, India, Pakistan, Myanmar, Viet Nam, Thailand, Indonesia, Philippines (the), Singapore",Status of South Asian Non-volant Small Mammals: Conservation Assessment and Management Plan (C.A.M.P.) Workshop Report,IUCN,"Least Concern
LC","Sanjay Molur, C. Srinivasulu, Bhargavi Srinivasulu, Sally Walker, P.O. Nameer and Latha Ravikumar (2005). Status of South Asian Non-volant Small Mammals: Conservation Assessment and Management Plan (C.A.M.P.) Workshop Report. Zoo Outreach Organisation / CBSG-South Asia, Coimbatore, India, 618pp.",Regional (multi-national)
95005,"Tupaia belangeri Wagner, 1841","Common Tree Shrew, Northern Tree Shrew",2005,"Nepal, India, Pakistan, Myanmar, Viet Nam, Thailand, Indonesia, Philippines (the), Singapore",Status of South Asian Non-volant Small Mammals: Conservation Assessment and Management Plan (C.A.M.P.) Workshop Report,IUCN,"Near Threatened
NT","Sanjay Molur, C. Srinivasulu, Bhargavi Srinivasulu, Sally Walker, P.O. Nameer and Latha Ravikumar (2005). Status of South Asian Non-volant Small Mammals: Conservation Assessment and Management Plan (C.A.M.P.) Workshop Report. Zoo Outreach Organisation / CBSG-South Asia, Coimbatore, India, 618pp.",Regional (multi-national)
95013,"Vandeleuria oleracea Bennett, 1832",Indian Long-tailed Tree Mouse,2005,Nepal,Status of South Asian Non-volant Small Mammals: Conservation Assessment and Management Plan (C.A.M.P.) Workshop Report,IUCN,"Least Concern
LC","Sanjay Molur, C. Srinivasulu, Bhargavi Srinivasulu, Sally Walker, P.O. Nameer and Latha Ravikumar (2005). Status of South Asian Non-volant Small Mammals: Conservation Assessment and Management Plan (C.A.M.P.) Workshop Report. Zoo Outreach Organisation / CBSG-South Asia, Coimbatore, India, 618pp.",National
95012,"Vandeleuria oleracea Bennett, 1832",Indian Long-tailed Tree Mouse,2005,"Nepal, India, Pakistan, Myanmar, Viet Nam, Thailand, Indonesia, Philippines (the), Singapore",Status of South Asian Non-volant Small Mammals: Conservation Assessment and Management Plan (C.A.M.P.) Workshop Report,IUCN,"Least Concern
LC","Sanjay Molur, C. Srinivasulu, Bhargavi Srinivasulu, Sally Walker, P.O. Nameer and Latha Ravikumar (2005). Status of South Asian Non-volant Small Mammals: Conservation Assessment and Management Plan (C.A.M.P.) Workshop Report. Zoo Outreach Organisation / CBSG-South Asia, Coimbatore, India, 618pp.",Regional (multi-national)
226052,"Ailurus fulgens F. G. Cuvier, 1825",Red Panda,2011,Nepal,The Status of Nepal's Mammals: The National Red List Series,IUCN,"Endangered
EN","Jnawali, S.R., Baral, H.S., Lee, S., Acharya, K.P., Upadhyay, G.P., Pandey, M., Shrestha, R., Joshi, D., Laminchhane, B.R., Griffiths, J., Khatiwada, A. P., Subedi, N., and Amin, R. (compilers) (2011) The Status of Nepal Mammals: The National Red List Series, Department of National Parks and Wildlife Conservation Kathmandu, Nepal.",National
226053,"Alticola roylei (Gray, 1842)",Royle's Mountain Vole,2011,Nepal,The Status of Nepal's Mammals: The National Red List Series,IUCN,"Data Deficient
DD","Jnawali, S.R., Baral, H.S., Lee, S., Acharya, K.P., Upadhyay, G.P., Pandey, M., Shrestha, R., Joshi, D., Laminchhane, B.R., Griffiths, J., Khatiwada, A. P., Subedi, N., and Amin, R. (compilers) (2011) The Status of Nepal Mammals: The National Red List Series, Department of National Parks and Wildlife Conservation Kathmandu, Nepal.",National
226054,"Alticola stoliczkanus (Blanford, 1875)",Stoliczka's Mountain Vole,2011,Nepal,The Status of Nepal's Mammals: The National Red List Series,IUCN,"Data Deficient
DD","Jnawali, S.R., Baral, H.S., Lee, S., Acharya, K.P., Upadhyay, G.P., Pandey, M., Shrestha, R., Joshi, D., Laminchhane, B.R., Griffiths, J., Khatiwada, A. P., Subedi, N., and Amin, R. (compilers) (2011) The Status of Nepal Mammals: The National Red List Series, Department of National Parks and Wildlife Conservation Kathmandu, Nepal.",National
226055,"Antilope cervicapra (Linnaeus, 1758)",Blackbuck,2011,Nepal,The Status of Nepal's Mammals: The National Red List Series,IUCN,"Critically Endangered
CR","Jnawali, S.R., Baral, H.S., Lee, S., Acharya, K.P., Upadhyay, G.P., Pandey, M., Shrestha, R., Joshi, D., Laminchhane, B.R., Griffiths, J., Khatiwada, A. P., Subedi, N., and Amin, R. (compilers) (2011) The Status of Nepal Mammals: The National Red List Series, Department of National Parks and Wildlife Conservation Kathmandu, Nepal.",National
226056,"Aonyx cinerea (Illiger, 1815)",Asian Small-clawed Otter,2011,Nepal,The Status of Nepal's Mammals: The National Red List Series,IUCN,"Data Deficient
DD","Jnawali, S.R., Baral, H.S., Lee, S., Acharya, K.P., Upadhyay, G.P., Pandey, M., Shrestha, R., Joshi, D., Laminchhane, B.R., Griffiths, J., Khatiwada, A. P., Subedi, N., and Amin, R. (compilers) (2011) The Status of Nepal Mammals: The National Red List Series, Department of National Parks and Wildlife Conservation Kathmandu, Nepal.",National
226057,"Apodemus gurkha Thomas, 1924",Himalayan Field Mouse,2011,Nepal,The Status of Nepal's Mammals: The National Red List Series,IUCN,"Endangered
EN","Jnawali, S.R., Baral, H.S., Lee, S., Acharya, K.P., Upadhyay, G.P., Pandey, M., Shrestha, R., Joshi, D., Laminchhane, B.R., Griffiths, J., Khatiwada, A. P., Subedi, N., and Amin, R. (compilers) (2011) The Status of Nepal Mammals: The National Red List Series, Department of National Parks and Wildlife Conservation Kathmandu, Nepal.",National
226058,"Apodemus pallipes (Barrett-Hamilton, 1900)",Ward's Field Mouse,2011,Nepal,The Status of Nepal's Mammals: The National Red List Series,IUCN,"Data Deficient
DD","Jnawali, S.R., Baral, H.S., Lee, S., Acharya, K.P., Upadhyay, G.P., Pandey, M., Shrestha, R., Joshi, D., Laminchhane, B.R., Griffiths, J., Khatiwada, A. P., Subedi, N., and Amin, R. (compilers) (2011) The Status of Nepal Mammals: The National Red List Series, Department of National Parks and Wildlife Conservation Kathmandu, Nepal.",National
226059,"Apodemus sylvaticus (Linnaeus, 1758)",Long-tailed Field Mouse,2011,Nepal,The Status of Nepal's Mammals: The National Red List Series,IUCN,"Least Concern
LC","Jnawali, S.R., Baral, H.S., Lee, S., Acharya, K.P., Upadhyay, G.P., Pandey, M., Shrestha, R., Joshi, D., Laminchhane, B.R., Griffiths, J., Khatiwada, A. P., Subedi, N., and Amin, R. (compilers) (2011) The Status of Nepal Mammals: The National Red List Series, Department of National Parks and Wildlife Conservation Kathmandu, Nepal.",National
226060,"Arctictis binturong (Raffles, 1821)",Binturong,2011,Nepal,The Status of Nepal's Mammals: The National Red List Series,IUCN,"Data Deficient
DD","Jnawali, S.R., Baral, H.S., Lee, S., Acharya, K.P., Upadhyay, G.P., Pandey, M., Shrestha, R., Joshi, D., Laminchhane, B.R., Griffiths, J., Khatiwada, A. P., Subedi, N., and Amin, R. (compilers) (2011) The Status of Nepal Mammals: The National Red List Series, Department of National Parks and Wildlife Conservation Kathmandu, Nepal.",National
226061,"Arctonyx collaris F. G. Cuvier, 1825",Hog Badger,2011,Nepal,The Status of Nepal's Mammals: The National Red List Series,IUCN,"Data Deficient
DD","Jnawali, S.R., Baral, H.S., Lee, S., Acharya, K.P., Upadhyay, G.P., Pandey, M., Shrestha, R., Joshi, D., Laminchhane, B.R., Griffiths, J., Khatiwada, A. P., Subedi, N., and Amin, R. (compilers) (2011) The Status of Nepal Mammals: The National Red List Series, Department of National Parks and Wildlife Conservation Kathmandu, Nepal.",National
226062,"Arielulus circumdatus (Temminck, 1840)",Bronze Sprite,2011,Nepal,The Status of Nepal's Mammals: The National Red List Series,IUCN,"Data Deficient
DD","Jnawali, S.R., Baral, H.S., Lee, S., Acharya, K.P., Upadhyay, G.P., Pandey, M., Shrestha, R., Joshi, D., Laminchhane, B.R., Griffiths, J., Khatiwada, A. P., Subedi, N., and Amin, R. (compilers) (2011) The Status of Nepal Mammals: The National Red List Series, Department of National Parks and Wildlife Conservation Kathmandu, Nepal.",National
226063,"Axis axis (Erxleben, 1777)",Axis Deer,2011,Nepal,The Status of Nepal's Mammals: The National Red List Series,IUCN,"Vulnerable
VU","Jnawali, S.R., Baral, H.S., Lee, S., Acharya, K.P., Upadhyay, G.P., Pandey, M., Shrestha, R., Joshi, D., Laminchhane, B.R., Griffiths, J., Khatiwada, A. P., Subedi, N., and Amin, R. (compilers) (2011) The Status of Nepal Mammals: The National Red List Series, Department of National Parks and Wildlife Conservation Kathmandu, Nepal.",National
226064,"Axis porcinus (Zimmermann, 1780)",Hog Deer,2011,Nepal,The Status of Nepal's Mammals: The National Red List Series,IUCN,"Endangered
EN","Jnawali, S.R., Baral, H.S., Lee, S., Acharya, K.P., Upadhyay, G.P., Pandey, M., Shrestha, R., Joshi, D., Laminchhane, B.R., Griffiths, J., Khatiwada, A. P., Subedi, N., and Amin, R. (compilers) (2011) The Status of Nepal Mammals: The National Red List Series, Department of National Parks and Wildlife Conservation Kathmandu, Nepal.",National
226065,"Bandicota bengalensis (Gray, 1835)",Lesser Bandicoot Rat,2011,Nepal,The Status of Nepal's Mammals: The National Red List Series,IUCN,"Least Concern
LC","Jnawali, S.R., Baral, H.S., Lee, S., Acharya, K.P., Upadhyay, G.P., Pandey, M., Shrestha, R., Joshi, D., Laminchhane, B.R., Griffiths, J., Khatiwada, A. P., Subedi, N., and Amin, R. (compilers) (2011) The Status of Nepal Mammals: The National Red List Series, Department of National Parks and Wildlife Conservation Kathmandu, Nepal.",National
226066,"Bandicota indica (Bechstein, 1800)",Greater Bandicoot Rat,2011,Nepal,The Status of Nepal's Mammals: The National Red List Series,IUCN,"Least Concern
LC","Jnawali, S.R., Baral, H.S., Lee, S., Acharya, K.P., Upadhyay, G.P., Pandey, M., Shrestha, R., Joshi, D., Laminchhane, B.R., Griffiths, J., Khatiwada, A. P., Subedi, N., and Amin, R. (compilers) (2011) The Status of Nepal Mammals: The National Red List Series, Department of National Parks and Wildlife Conservation Kathmandu, Nepal.",National
226067,Bandicota maxima Pradhan et al. 1993,Giant Bandicoot-Rat,2011,Nepal,The Status of Nepal's Mammals: The National Red List Series,IUCN,"Data Deficient
DD","Jnawali, S.R., Baral, H.S., Lee, S., Acharya, K.P., Upadhyay, G.P., Pandey, M., Shrestha, R., Joshi, D., Laminchhane, B.R., Griffiths, J., Khatiwada, A. P., Subedi, N., and Amin, R. (compilers) (2011) The Status of Nepal Mammals: The National Red List Series, Department of National Parks and Wildlife Conservation Kathmandu, Nepal.",National
226068,"Barbastella leucomelas (Cretzschmar, 1826)",Asian Barbastelle,2011,Nepal,The Status of Nepal's Mammals: The National Red List Series,IUCN,"Least Concern
LC","Jnawali, S.R., Baral, H.S., Lee, S., Acharya, K.P., Upadhyay, G.P., Pandey, M., Shrestha, R., Joshi, D., Laminchhane, B.R., Griffiths, J., Khatiwada, A. P., Subedi, N., and Amin, R. (compilers) (2011) The Status of Nepal Mammals: The National Red List Series, Department of National Parks and Wildlife Conservation Kathmandu, Nepal.",National
226069,"Belomys pearsonii (Gray, 1842)",Hairy-footed Flying Squirrel,2011,Nepal,The Status of Nepal's Mammals: The National Red List Series,IUCN,"Data Deficient
DD","Jnawali, S.R., Baral, H.S., Lee, S., Acharya, K.P., Upadhyay, G.P., Pandey, M., Shrestha, R., Joshi, D., Laminchhane, B.R., Griffiths, J., Khatiwada, A. P., Subedi, N., and Amin, R. (compilers) (2011) The Status of Nepal Mammals: The National Red List Series, Department of National Parks and Wildlife Conservation Kathmandu, Nepal.",National
226070,"Bos gaurus C. H. Smith, 1827",Gaur,2011,Nepal,The Status of Nepal's Mammals: The National Red List Series,IUCN,"Vulnerable
VU","Jnawali, S.R., Baral, H.S., Lee, S., Acharya, K.P., Upadhyay, G.P., Pandey, M., Shrestha, R., Joshi, D., Laminchhane, B.R., Griffiths, J., Khatiwada, A. P., Subedi, N., and Amin, R. (compilers) (2011) The Status of Nepal Mammals: The National Red List Series, Department of National Parks and Wildlife Conservation Kathmandu, Nepal.",National
226071,"Bos mutus (Przewalski, 1883)",Wild Yak,2011,Nepal,The Status of Nepal's Mammals: The National Red List Series,IUCN,"Data Deficient
DD","Jnawali, S.R., Baral, H.S., Lee, S., Acharya, K.P., Upadhyay, G.P., Pandey, M., Shrestha, R., Joshi, D., Laminchhane, B.R., Griffiths, J., Khatiwada, A. P., Subedi, N., and Amin, R. (compilers) (2011) The Status of Nepal Mammals: The National Red List Series, Department of National Parks and Wildlife Conservation Kathmandu, Nepal.",National
226072,"Boselaphus tragocamelus (Pallas, 1766)",Nilgai,2011,Nepal,The Status of Nepal's Mammals: The National Red List Series,IUCN,"Vulnerable
VU","Jnawali, S.R., Baral, H.S., Lee, S., Acharya, K.P., Upadhyay, G.P., Pandey, M., Shrestha, R., Joshi, D., Laminchhane, B.R., Griffiths, J., Khatiwada, A. P., Subedi, N., and Amin, R. (compilers) (2011) The Status of Nepal Mammals: The National Red List Series, Department of National Parks and Wildlife Conservation Kathmandu, Nepal.",National
226073,"Bubalus arnee (Kerr, 1792)",Wild Water Buffalo,2011,Nepal,The Status of Nepal's Mammals: The National Red List Series,IUCN,"Endangered
EN","Jnawali, S.R., Baral, H.S., Lee, S., Acharya, K.P., Upadhyay, G.P., Pandey, M., Shrestha, R., Joshi, D., Laminchhane, B.R., Griffiths, J., Khatiwada, A. P., Subedi, N., and Amin, R. (compilers) (2011) The Status of Nepal Mammals: The National Red List Series, Department of National Parks and Wildlife Conservation Kathmandu, Nepal.",National
226074,"Callosciurus pygerythrus (I. Geoffroy Saint-Hilaire, 1833)",Hoary-bellied Squirrel,2011,Nepal,The Status of Nepal's Mammals: The National Red List Series,IUCN,"Least Concern
LC","Jnawali, S.R., Baral, H.S., Lee, S., Acharya, K.P., Upadhyay, G.P., Pandey, M., Shrestha, R., Joshi, D., Laminchhane, B.R., Griffiths, J., Khatiwada, A. P., Subedi, N., and Amin, R. (compilers) (2011) The Status of Nepal Mammals: The National Red List Series, Department of National Parks and Wildlife Conservation Kathmandu, Nepal.",National
226075,"Canis aureus Linnaeus, 1758",Golden Jackal,2011,Nepal,The Status of Nepal's Mammals: The National Red List Series,IUCN,"Least Concern
LC","Jnawali, S.R., Baral, H.S., Lee, S., Acharya, K.P., Upadhyay, G.P., Pandey, M., Shrestha, R., Joshi, D., Laminchhane, B.R., Griffiths, J., Khatiwada, A. P., Subedi, N., and Amin, R. (compilers) (2011) The Status of Nepal Mammals: The National Red List Series, Department of National Parks and Wildlife Conservation Kathmandu, Nepal.",National
226076,"Canis lupus Linnaeus, 1758",Grey Wolf,2011,Nepal,The Status of Nepal's Mammals: The National Red List Series,IUCN,"Critically Endangered
CR","Jnawali, S.R., Baral, H.S., Lee, S., Acharya, K.P., Upadhyay, G.P., Pandey, M., Shrestha, R., Joshi, D., Laminchhane, B.R., Griffiths, J., Khatiwada, A. P., Subedi, N., and Amin, R. (compilers) (2011) The Status of Nepal Mammals: The National Red List Series, Department of National Parks and Wildlife Conservation Kathmandu, Nepal.",National
226077,"Cannomys badius (Hodgson, 1841)",Bay Bamboo Rat,2011,Nepal,The Status of Nepal's Mammals: The National Red List Series,IUCN,"Data Deficient
DD","Jnawali, S.R., Baral, H.S., Lee, S., Acharya, K.P., Upadhyay, G.P., Pandey, M., Shrestha, R., Joshi, D., Laminchhane, B.R., Griffiths, J., Khatiwada, A. P., Subedi, N., and Amin, R. (compilers) (2011) The Status of Nepal Mammals: The National Red List Series, Department of National Parks and Wildlife Conservation Kathmandu, Nepal.",National
226078,"Capricornis thar (Hodgson, 1831)",Himalayan Serow,2011,Nepal,The Status of Nepal's Mammals: The National Red List Series,IUCN,"Data Deficient
DD","Jnawali, S.R., Baral, H.S., Lee, S., Acharya, K.P., Upadhyay, G.P., Pandey, M., Shrestha, R., Joshi, D., Laminchhane, B.R., Griffiths, J., Khatiwada, A. P., Subedi, N., and Amin, R. (compilers) (2011) The Status of Nepal Mammals: The National Red List Series, Department of National Parks and Wildlife Conservation Kathmandu, Nepal.",National
226079,"Caprolagus hispidus (Pearson, 1839)",Hispid hare,2011,Nepal,The Status of Nepal's Mammals: The National Red List Series,IUCN,"Endangered
EN","Jnawali, S.R., Baral, H.S., Lee, S., Acharya, K.P., Upadhyay, G.P., Pandey, M., Shrestha, R., Joshi, D., Laminchhane, B.R., Griffiths, J., Khatiwada, A. P., Subedi, N., and Amin, R. (compilers) (2011) The Status of Nepal Mammals: The National Red List Series, Department of National Parks and Wildlife Conservation Kathmandu, Nepal.",National
226080,"Chimarrogale himalayica (Gray, 1842)",Himalayan Water Shrew,2011,Nepal,The Status of Nepal's Mammals: The National Red List Series,IUCN,"Endangered
EN","Jnawali, S.R., Baral, H.S., Lee, S., Acharya, K.P., Upadhyay, G.P., Pandey, M., Shrestha, R., Joshi, D., Laminchhane, B.R., Griffiths, J., Khatiwada, A. P., Subedi, N., and Amin, R. (compilers) (2011) The Status of Nepal Mammals: The National Red List Series, Department of National Parks and Wildlife Conservation Kathmandu, Nepal.",National
226081,"Cricetulus alticola Thomas, 1917",Ladakh Hamster,2011,Nepal,The Status of Nepal's Mammals: The National Red List Series,IUCN,"Data Deficient
DD","Jnawali, S.R., Baral, H.S., Lee, S., Acharya, K.P., Upadhyay, G.P., Pandey, M., Shrestha, R., Joshi, D., Laminchhane, B.R., Griffiths, J., Khatiwada, A. P., Subedi, N., and Amin, R. (compilers) (2011) The Status of Nepal Mammals: The National Red List Series, Department of National Parks and Wildlife Conservation Kathmandu, Nepal.",National
226082,"Crocidura attenuata Milne-Edwards, 1872",Indochinese Shrew,2011,Nepal,The Status of Nepal's Mammals: The National Red List Series,IUCN,"Least Concern
LC","Jnawali, S.R., Baral, H.S., Lee, S., Acharya, K.P., Upadhyay, G.P., Pandey, M., Shrestha, R., Joshi, D., Laminchhane, B.R., Griffiths, J., Khatiwada, A. P., Subedi, N., and Amin, R. (compilers) (2011) The Status of Nepal Mammals: The National Red List Series, Department of National Parks and Wildlife Conservation Kathmandu, Nepal.",National
226083,"Crocidura horsfieldii (Tomes, 1856)",Horsefield's Shrew,2011,Nepal,The Status of Nepal's Mammals: The National Red List Series,IUCN,"Data Deficient
DD","Jnawali, S.R., Baral, H.S., Lee, S., Acharya, K.P., Upadhyay, G.P., Pandey, M., Shrestha, R., Joshi, D., Laminchhane, B.R., Griffiths, J., Khatiwada, A. P., Subedi, N., and Amin, R. (compilers) (2011) The Status of Nepal Mammals: The National Red List Series, Department of National Parks and Wildlife Conservation Kathmandu, Nepal.",National
226084,"Crocidura pergrisea Miller, 1913",Pale Grey Shrew,2011,Nepal,The Status of Nepal's Mammals: The National Red List Series,IUCN,"Data Deficient
DD","Jnawali, S.R., Baral, H.S., Lee, S., Acharya, K.P., Upadhyay, G.P., Pandey, M., Shrestha, R., Joshi, D., Laminchhane, B.R., Griffiths, J., Khatiwada, A. P., Subedi, N., and Amin, R. (compilers) (2011) The Status of Nepal Mammals: The National Red List Series, Department of National Parks and Wildlife Conservation Kathmandu, Nepal.",National
226085,"Cuon alpinus (Pallas, 1811)",Dhole,2011,Nepal,The Status of Nepal's Mammals: The National Red List Series,IUCN,"Endangered
EN","Jnawali, S.R., Baral, H.S., Lee, S., Acharya, K.P., Upadhyay, G.P., Pandey, M., Shrestha, R., Joshi, D., Laminchhane, B.R., Griffiths, J., Khatiwada, A. P., Subedi, N., and Amin, R. (compilers) (2011) The Status of Nepal Mammals: The National Red List Series, Department of National Parks and Wildlife Conservation Kathmandu, Nepal.",National
226086,"Cynopterus sphinx (Vahl, 1797)",Greater Shortnosed Fruit Bat,2011,Nepal,The Status of Nepal's Mammals: The National Red List Series,IUCN,"Least Concern
LC","Jnawali, S.R., Baral, H.S., Lee, S., Acharya, K.P., Upadhyay, G.P., Pandey, M., Shrestha, R., Joshi, D., Laminchhane, B.R., Griffiths, J., Khatiwada, A. P., Subedi, N., and Amin, R. (compilers) (2011) The Status of Nepal Mammals: The National Red List Series, Department of National Parks and Wildlife Conservation Kathmandu, Nepal.",National
226087,"Dacnomys millardi Thomas, 1916",Millard's Rat,2011,Nepal,The Status of Nepal's Mammals: The National Red List Series,IUCN,"Data Deficient
DD","Jnawali, S.R., Baral, H.S., Lee, S., Acharya, K.P., Upadhyay, G.P., Pandey, M., Shrestha, R., Joshi, D., Laminchhane, B.R., Griffiths, J., Khatiwada, A. P., Subedi, N., and Amin, R. (compilers) (2011) The Status of Nepal Mammals: The National Red List Series, Department of National Parks and Wildlife Conservation Kathmandu, Nepal.",National
226088,"Diomys crumpi Thomas, 1917",Crump's Mouse,2011,Nepal,The Status of Nepal's Mammals: The National Red List Series,IUCN,"Data Deficient
DD","Jnawali, S.R., Baral, H.S., Lee, S., Acharya, K.P., Upadhyay, G.P., Pandey, M., Shrestha, R., Joshi, D., Laminchhane, B.R., Griffiths, J., Khatiwada, A. P., Subedi, N., and Amin, R. (compilers) (2011) The Status of Nepal Mammals: The National Red List Series, Department of National Parks and Wildlife Conservation Kathmandu, Nepal.",National
226089,"Dremomys lokriah (Hodgson, 1836)",Orange-bellied Himalayan Squirrel,2011,Nepal,The Status of Nepal's Mammals: The National Red List Series,IUCN,"Least Concern
LC","Jnawali, S.R., Baral, H.S., Lee, S., Acharya, K.P., Upadhyay, G.P., Pandey, M., Shrestha, R., Joshi, D., Laminchhane, B.R., Griffiths, J., Khatiwada, A. P., Subedi, N., and Amin, R. (compilers) (2011) The Status of Nepal Mammals: The National Red List Series, Department of National Parks and Wildlife Conservation Kathmandu, Nepal.",National
226090,"Elephas maximus Linnaeus, 1758",Asian Elephant,2011,Nepal,The Status of Nepal's Mammals: The National Red List Series,IUCN,"Endangered
EN","Jnawali, S.R., Baral, H.S., Lee, S., Acharya, K.P., Upadhyay, G.P., Pandey, M., Shrestha, R., Joshi, D., Laminchhane, B.R., Griffiths, J., Khatiwada, A. P., Subedi, N., and Amin, R. (compilers) (2011) The Status of Nepal Mammals: The National Red List Series, Department of National Parks and Wildlife Conservation Kathmandu, Nepal.",National
226091,"Eonycteris spelaea (Dobson, 1871)",Dawn Bat,2011,Nepal,The Status of Nepal's Mammals: The National Red List Series,IUCN,"Data Deficient
DD","Jnawali, S.R., Baral, H.S., Lee, S., Acharya, K.P., Upadhyay, G.P., Pandey, M., Shrestha, R., Joshi, D., Laminchhane, B.R., Griffiths, J., Khatiwada, A. P., Subedi, N., and Amin, R. (compilers) (2011) The Status of Nepal Mammals: The National Red List Series, Department of National Parks and Wildlife Conservation Kathmandu, Nepal.",National
226092,"Episoriculus caudatus (Horsfield, 1851)",Hodgson's Brown-toothed Shrew,2011,Nepal,The Status of Nepal's Mammals: The National Red List Series,IUCN,"Least Concern
LC","Jnawali, S.R., Baral, H.S., Lee, S., Acharya, K.P., Upadhyay, G.P., Pandey, M., Shrestha, R., Joshi, D., Laminchhane, B.R., Griffiths, J., Khatiwada, A. P., Subedi, N., and Amin, R. (compilers) (2011) The Status of Nepal Mammals: The National Red List Series, Department of National Parks and Wildlife Conservation Kathmandu, Nepal.",National
226093,"Episoriculus leucops (Horsfield, 1855)",Long-tailed Brown-toothed Shrew,2011,Nepal,The Status of Nepal's Mammals: The National Red List Series,IUCN,"Least Concern
LC","Jnawali, S.R., Baral, H.S., Lee, S., Acharya, K.P., Upadhyay, G.P., Pandey, M., Shrestha, R., Joshi, D., Laminchhane, B.R., Griffiths, J., Khatiwada, A. P., Subedi, N., and Amin, R. (compilers) (2011) The Status of Nepal Mammals: The National Red List Series, Department of National Parks and Wildlife Conservation Kathmandu, Nepal.",National
226094,"Episoriculus macrurus (Blanford, 1888)",Arboreal Brown-toothed Shrew,2011,Nepal,The Status of Nepal's Mammals: The National Red List Series,IUCN,"Data Deficient
DD","Jnawali, S.R., Baral, H.S., Lee, S., Acharya, K.P., Upadhyay, G.P., Pandey, M., Shrestha, R., Joshi, D., Laminchhane, B.R., Griffiths, J., Khatiwada, A. P., Subedi, N., and Amin, R. (compilers) (2011) The Status of Nepal Mammals: The National Red List Series, Department of National Parks and Wildlife Conservation Kathmandu, Nepal.",National
226095,"Eptesicus dimissus Thomas, 1916",Surat Serotine,2011,Nepal,The Status of Nepal's Mammals: The National Red List Series,IUCN,"Data Deficient
DD","Jnawali, S.R., Baral, H.S., Lee, S., Acharya, K.P., Upadhyay, G.P., Pandey, M., Shrestha, R., Joshi, D., Laminchhane, B.R., Griffiths, J., Khatiwada, A. P., Subedi, N., and Amin, R. (compilers) (2011) The Status of Nepal Mammals: The National Red List Series, Department of National Parks and Wildlife Conservation Kathmandu, Nepal.",National
226096,"Eptesicus serotinus (Schreber, 1774)",Serotine,2011,Nepal,The Status of Nepal's Mammals: The National Red List Series,IUCN,"Data Deficient
DD","Jnawali, S.R., Baral, H.S., Lee, S., Acharya, K.P., Upadhyay, G.P., Pandey, M., Shrestha, R., Joshi, D., Laminchhane, B.R., Griffiths, J., Khatiwada, A. P., Subedi, N., and Amin, R. (compilers) (2011) The Status of Nepal Mammals: The National Red List Series, Department of National Parks and Wildlife Conservation Kathmandu, Nepal.",National
226097,"Equus kiang Moorcroft, 1841",Kiang,2011,Nepal,The Status of Nepal's Mammals: The National Red List Series,IUCN,"Vulnerable
VU","Jnawali, S.R., Baral, H.S., Lee, S., Acharya, K.P., Upadhyay, G.P., Pandey, M., Shrestha, R., Joshi, D., Laminchhane, B.R., Griffiths, J., Khatiwada, A. P., Subedi, N., and Amin, R. (compilers) (2011) The Status of Nepal Mammals: The National Red List Series, Department of National Parks and Wildlife Conservation Kathmandu, Nepal.",National
226098,"Euroscaptor micrura (Hodgson, 1841)",Himalayan mole,2011,Nepal,The Status of Nepal's Mammals: The National Red List Series,IUCN,"Data Deficient
DD","Jnawali, S.R., Baral, H.S., Lee, S., Acharya, K.P., Upadhyay, G.P., Pandey, M., Shrestha, R., Joshi, D., Laminchhane, B.R., Griffiths, J., Khatiwada, A. P., Subedi, N., and Amin, R. (compilers) (2011) The Status of Nepal Mammals: The National Red List Series, Department of National Parks and Wildlife Conservation Kathmandu, Nepal.",National
226099,"Falsistrellus affinis (Dobson, 1871)",Chocolate Pipistrelle,2011,Nepal,The Status of Nepal's Mammals: The National Red List Series,IUCN,"Data Deficient
DD","Jnawali, S.R., Baral, H.S., Lee, S., Acharya, K.P., Upadhyay, G.P., Pandey, M., Shrestha, R., Joshi, D., Laminchhane, B.R., Griffiths, J., Khatiwada, A. P., Subedi, N., and Amin, R. (compilers) (2011) The Status of Nepal Mammals: The National Red List Series, Department of National Parks and Wildlife Conservation Kathmandu, Nepal.",National
226100,"Felis chaus Schreber, 1777",Jungle Cat,2011,Nepal,The Status of Nepal's Mammals: The National Red List Series,IUCN,"Least Concern
LC","Jnawali, S.R., Baral, H.S., Lee, S., Acharya, K.P., Upadhyay, G.P., Pandey, M., Shrestha, R., Joshi, D., Laminchhane, B.R., Griffiths, J., Khatiwada, A. P., Subedi, N., and Amin, R. (compilers) (2011) The Status of Nepal Mammals: The National Red List Series, Department of National Parks and Wildlife Conservation Kathmandu, Nepal.",National
226101,"Funambulus pennantii Wroughton, 1905",Five-striped Palm Squirrel,2011,Nepal,The Status of Nepal's Mammals: The National Red List Series,IUCN,"Least Concern
LC","Jnawali, S.R., Baral, H.S., Lee, S., Acharya, K.P., Upadhyay, G.P., Pandey, M., Shrestha, R., Joshi, D., Laminchhane, B.R., Griffiths, J., Khatiwada, A. P., Subedi, N., and Amin, R. (compilers) (2011) The Status of Nepal Mammals: The National Red List Series, Department of National Parks and Wildlife Conservation Kathmandu, Nepal.",National
226102,"Golunda ellioti Gray, 1837",Indian Bush Rat,2011,Nepal,The Status of Nepal's Mammals: The National Red List Series,IUCN,"Least Concern
LC","Jnawali, S.R., Baral, H.S., Lee, S., Acharya, K.P., Upadhyay, G.P., Pandey, M., Shrestha, R., Joshi, D., Laminchhane, B.R., Griffiths, J., Khatiwada, A. P., Subedi, N., and Amin, R. (compilers) (2011) The Status of Nepal Mammals: The National Red List Series, Department of National Parks and Wildlife Conservation Kathmandu, Nepal.",National
226103,"Hemitragus jemlahicus (C. H. Smith, 1826)",Himalayan Tahr,2011,Nepal,The Status of Nepal's Mammals: The National Red List Series,IUCN,"Near Threatened
NT","Jnawali, S.R., Baral, H.S., Lee, S., Acharya, K.P., Upadhyay, G.P., Pandey, M., Shrestha, R., Joshi, D., Laminchhane, B.R., Griffiths, J., Khatiwada, A. P., Subedi, N., and Amin, R. (compilers) (2011) The Status of Nepal Mammals: The National Red List Series, Department of National Parks and Wildlife Conservation Kathmandu, Nepal.",National
226104,"Herpestes edwardsii (É. Geoffroy Saint-Hilaire, 1818)",Indian Grey Mongoose,2011,Nepal,The Status of Nepal's Mammals: The National Red List Series,IUCN,"Least Concern
LC","Jnawali, S.R., Baral, H.S., Lee, S., Acharya, K.P., Upadhyay, G.P., Pandey, M., Shrestha, R., Joshi, D., Laminchhane, B.R., Griffiths, J., Khatiwada, A. P., Subedi, N., and Amin, R. (compilers) (2011) The Status of Nepal Mammals: The National Red List Series, Department of National Parks and Wildlife Conservation Kathmandu, Nepal.",National
226105,"Herpestes javanicus (É. Geoffroy Saint-Hilaire, 1818)",Small Asian Mongoose,2011,Nepal,The Status of Nepal's Mammals: The National Red List Series,IUCN,"Least Concern
LC","Jnawali, S.R., Baral, H.S., Lee, S., Acharya, K.P., Upadhyay, G.P., Pandey, M., Shrestha, R., Joshi, D., Laminchhane, B.R., Griffiths, J., Khatiwada, A. P., Subedi, N., and Amin, R. (compilers) (2011) The Status of Nepal Mammals: The National Red List Series, Department of National Parks and Wildlife Conservation Kathmandu, Nepal.",National
226106,"Herpestes urva (Hodgson, 1836)",Crab-eating Mongoose,2011,Nepal,The Status of Nepal's Mammals: The National Red List Series,IUCN,"Vulnerable
VU","Jnawali, S.R., Baral, H.S., Lee, S., Acharya, K.P., Upadhyay, G.P., Pandey, M., Shrestha, R., Joshi, D., Laminchhane, B.R., Griffiths, J., Khatiwada, A. P., Subedi, N., and Amin, R. (compilers) (2011) The Status of Nepal Mammals: The National Red List Series, Department of National Parks and Wildlife Conservation Kathmandu, Nepal.",National
226107,"Hesperoptenus tickelli (Blyth, 1851)",Tickell's Bat,2011,Nepal,The Status of Nepal's Mammals: The National Red List Series,IUCN,"Data Deficient
DD","Jnawali, S.R., Baral, H.S., Lee, S., Acharya, K.P., Upadhyay, G.P., Pandey, M., Shrestha, R., Joshi, D., Laminchhane, B.R., Griffiths, J., Khatiwada, A. P., Subedi, N., and Amin, R. (compilers) (2011) The Status of Nepal Mammals: The National Red List Series, Department of National Parks and Wildlife Conservation Kathmandu, Nepal.",National
226108,"Hipposideros armiger (Hodgson, 1835)",Great Himalayan Leaf-nosed Bat,2011,Nepal,The Status of Nepal's Mammals: The National Red List Series,IUCN,"Least Concern
LC","Jnawali, S.R., Baral, H.S., Lee, S., Acharya, K.P., Upadhyay, G.P., Pandey, M., Shrestha, R., Joshi, D., Laminchhane, B.R., Griffiths, J., Khatiwada, A. P., Subedi, N., and Amin, R. (compilers) (2011) The Status of Nepal Mammals: The National Red List Series, Department of National Parks and Wildlife Conservation Kathmandu, Nepal.",National
226109,"Hipposideros cineraceus Blyth, 1853",Least Leaf-nosed Bat,2011,Nepal,The Status of Nepal's Mammals: The National Red List Series,IUCN,"Data Deficient
DD","Jnawali, S.R., Baral, H.S., Lee, S., Acharya, K.P., Upadhyay, G.P., Pandey, M., Shrestha, R., Joshi, D., Laminchhane, B.R., Griffiths, J., Khatiwada, A. P., Subedi, N., and Amin, R. (compilers) (2011) The Status of Nepal Mammals: The National Red List Series, Department of National Parks and Wildlife Conservation Kathmandu, Nepal.",National
226110,"Hipposideros fulvus Gray, 1838",Fulvus Leaf-nosed Bat,2011,Nepal,The Status of Nepal's Mammals: The National Red List Series,IUCN,"Data Deficient
DD","Jnawali, S.R., Baral, H.S., Lee, S., Acharya, K.P., Upadhyay, G.P., Pandey, M., Shrestha, R., Joshi, D., Laminchhane, B.R., Griffiths, J., Khatiwada, A. P., Subedi, N., and Amin, R. (compilers) (2011) The Status of Nepal Mammals: The National Red List Series, Department of National Parks and Wildlife Conservation Kathmandu, Nepal.",National
226111,"Hipposideros pomona K. Andersen, 1918",Andersen's Leaf-nosed Bat,2011,Nepal,The Status of Nepal's Mammals: The National Red List Series,IUCN,"Near Threatened
NT","Jnawali, S.R., Baral, H.S., Lee, S., Acharya, K.P., Upadhyay, G.P., Pandey, M., Shrestha, R., Joshi, D., Laminchhane, B.R., Griffiths, J., Khatiwada, A. P., Subedi, N., and Amin, R. (compilers) (2011) The Status of Nepal Mammals: The National Red List Series, Department of National Parks and Wildlife Conservation Kathmandu, Nepal.",National
226112,"Hyaena hyaena (Linnaeus, 1758)",Striped Hyaena,2011,Nepal,The Status of Nepal's Mammals: The National Red List Series,IUCN,"Endangered
EN","Jnawali, S.R., Baral, H.S., Lee, S., Acharya, K.P., Upadhyay, G.P., Pandey, M., Shrestha, R., Joshi, D., Laminchhane, B.R., Griffiths, J., Khatiwada, A. P., Subedi, N., and Amin, R. (compilers) (2011) The Status of Nepal Mammals: The National Red List Series, Department of National Parks and Wildlife Conservation Kathmandu, Nepal.",National
226113,"Hylopetes alboniger (Hodgson, 1836)",Particolored Flying Squirrel,2011,Nepal,The Status of Nepal's Mammals: The National Red List Series,IUCN,"Least Concern
LC","Jnawali, S.R., Baral, H.S., Lee, S., Acharya, K.P., Upadhyay, G.P., Pandey, M., Shrestha, R., Joshi, D., Laminchhane, B.R., Griffiths, J., Khatiwada, A. P., Subedi, N., and Amin, R. (compilers) (2011) The Status of Nepal Mammals: The National Red List Series, Department of National Parks and Wildlife Conservation Kathmandu, Nepal.",National
226114,"Hystrix brachyura Linnaeus, 1758",Himalayan Crestless Porcupine,2011,Nepal,The Status of Nepal's Mammals: The National Red List Series,IUCN,"Data Deficient
DD","Jnawali, S.R., Baral, H.S., Lee, S., Acharya, K.P., Upadhyay, G.P., Pandey, M., Shrestha, R., Joshi, D., Laminchhane, B.R., Griffiths, J., Khatiwada, A. P., Subedi, N., and Amin, R. (compilers) (2011) The Status of Nepal Mammals: The National Red List Series, Department of National Parks and Wildlife Conservation Kathmandu, Nepal.",National
226115,"Hystrix indica Kerr, 1792",Indian Crested Porcupine,2011,Nepal,The Status of Nepal's Mammals: The National Red List Series,IUCN,"Data Deficient
DD","Jnawali, S.R., Baral, H.S., Lee, S., Acharya, K.P., Upadhyay, G.P., Pandey, M., Shrestha, R., Joshi, D., Laminchhane, B.R., Griffiths, J., Khatiwada, A. P., Subedi, N., and Amin, R. (compilers) (2011) The Status of Nepal Mammals: The National Red List Series, Department of National Parks and Wildlife Conservation Kathmandu, Nepal.",National
226116,"Ia io Thomas, 1902",Great Evening Bat,2011,Nepal,The Status of Nepal's Mammals: The National Red List Series,IUCN,"Critically Endangered
CR","Jnawali, S.R., Baral, H.S., Lee, S., Acharya, K.P., Upadhyay, G.P., Pandey, M., Shrestha, R., Joshi, D., Laminchhane, B.R., Griffiths, J., Khatiwada, A. P., Subedi, N., and Amin, R. (compilers) (2011) The Status of Nepal Mammals: The National Red List Series, Department of National Parks and Wildlife Conservation Kathmandu, Nepal.",National
226117,"Kerivoula hardwickii (Horsfield, 1824)",Hardwicke's Woolly Bat,2011,Nepal,The Status of Nepal's Mammals: The National Red List Series,IUCN,"Data Deficient
DD","Jnawali, S.R., Baral, H.S., Lee, S., Acharya, K.P., Upadhyay, G.P., Pandey, M., Shrestha, R., Joshi, D., Laminchhane, B.R., Griffiths, J., Khatiwada, A. P., Subedi, N., and Amin, R. (compilers) (2011) The Status of Nepal Mammals: The National Red List Series, Department of National Parks and Wildlife Conservation Kathmandu, Nepal.",National
226118,"Kerivoula picta (Pallas, 1767)",Painted Bat,2011,Nepal,The Status of Nepal's Mammals: The National Red List Series,IUCN,"Least Concern
LC","Jnawali, S.R., Baral, H.S., Lee, S., Acharya, K.P., Upadhyay, G.P., Pandey, M., Shrestha, R., Joshi, D., Laminchhane, B.R., Griffiths, J., Khatiwada, A. P., Subedi, N., and Amin, R. (compilers) (2011) The Status of Nepal Mammals: The National Red List Series, Department of National Parks and Wildlife Conservation Kathmandu, Nepal.",National
226119,"Lepus nigricollis F. Cuvier, 1823",Indian hare,2011,Nepal,The Status of Nepal's Mammals: The National Red List Series,IUCN,"Least Concern
LC","Jnawali, S.R., Baral, H.S., Lee, S., Acharya, K.P., Upadhyay, G.P., Pandey, M., Shrestha, R., Joshi, D., Laminchhane, B.R., Griffiths, J., Khatiwada, A. P., Subedi, N., and Amin, R. (compilers) (2011) The Status of Nepal Mammals: The National Red List Series, Department of National Parks and Wildlife Conservation Kathmandu, Nepal.",National
226120,"Lepus oiostolus Hodgson, 1840",Woolly hare,2011,Nepal,The Status of Nepal's Mammals: The National Red List Series,IUCN,"Least Concern
LC","Jnawali, S.R., Baral, H.S., Lee, S., Acharya, K.P., Upadhyay, G.P., Pandey, M., Shrestha, R., Joshi, D., Laminchhane, B.R., Griffiths, J., Khatiwada, A. P., Subedi, N., and Amin, R. (compilers) (2011) The Status of Nepal Mammals: The National Red List Series, Department of National Parks and Wildlife Conservation Kathmandu, Nepal.",National
226121,"Lutra lutra (Linnaeus, 1758)",Eurasian Otter,2011,Nepal,The Status of Nepal's Mammals: The National Red List Series,IUCN,"Near Threatened
NT","Jnawali, S.R., Baral, H.S., Lee, S., Acharya, K.P., Upadhyay, G.P., Pandey, M., Shrestha, R., Joshi, D., Laminchhane, B.R., Griffiths, J., Khatiwada, A. P., Subedi, N., and Amin, R. (compilers) (2011) The Status of Nepal Mammals: The National Red List Series, Department of National Parks and Wildlife Conservation Kathmandu, Nepal.",National
226122,"Lutrogale perspicillata (I. Geoffroy Saint-Hilaire, 1826)",Smooth-coated Otter,2011,Nepal,The Status of Nepal's Mammals: The National Red List Series,IUCN,"Endangered
EN","Jnawali, S.R., Baral, H.S., Lee, S., Acharya, K.P., Upadhyay, G.P., Pandey, M., Shrestha, R., Joshi, D., Laminchhane, B.R., Griffiths, J., Khatiwada, A. P., Subedi, N., and Amin, R. (compilers) (2011) The Status of Nepal Mammals: The National Red List Series, Department of National Parks and Wildlife Conservation Kathmandu, Nepal.",National
226123,"Lynx lynx (Linnaeus, 1758)",Lynx,2011,Nepal,The Status of Nepal's Mammals: The National Red List Series,IUCN,"Vulnerable
VU","Jnawali, S.R., Baral, H.S., Lee, S., Acharya, K.P., Upadhyay, G.P., Pandey, M., Shrestha, R., Joshi, D., Laminchhane, B.R., Griffiths, J., Khatiwada, A. P., Subedi, N., and Amin, R. (compilers) (2011) The Status of Nepal Mammals: The National Red List Series, Department of National Parks and Wildlife Conservation Kathmandu, Nepal.",National
226124,"Macaca assamensis (McClelland, 1840)",Assam Macaque,2011,Nepal,The Status of Nepal's Mammals: The National Red List Series,IUCN,"Vulnerable
VU","Jnawali, S.R., Baral, H.S., Lee, S., Acharya, K.P., Upadhyay, G.P., Pandey, M., Shrestha, R., Joshi, D., Laminchhane, B.R., Griffiths, J., Khatiwada, A. P., Subedi, N., and Amin, R. (compilers) (2011) The Status of Nepal Mammals: The National Red List Series, Department of National Parks and Wildlife Conservation Kathmandu, Nepal.",National
226125,"Macaca mulatta (Zimmermann, 1780)",Rhesus Macaque,2011,Nepal,The Status of Nepal's Mammals: The National Red List Series,IUCN,"Least Concern
LC","Jnawali, S.R., Baral, H.S., Lee, S., Acharya, K.P., Upadhyay, G.P., Pandey, M., Shrestha, R., Joshi, D., Laminchhane, B.R., Griffiths, J., Khatiwada, A. P., Subedi, N., and Amin, R. (compilers) (2011) The Status of Nepal Mammals: The National Red List Series, Department of National Parks and Wildlife Conservation Kathmandu, Nepal.",National
226126,"Manis crassicaudata É. Geoffroy Saint-Hilaire, 1803",Indian Pangolin,2011,Nepal,The Status of Nepal's Mammals: The National Red List Series,IUCN,"Endangered
EN","Jnawali, S.R., Baral, H.S., Lee, S., Acharya, K.P., Upadhyay, G.P., Pandey, M., Shrestha, R., Joshi, D., Laminchhane, B.R., Griffiths, J., Khatiwada, A. P., Subedi, N., and Amin, R. (compilers) (2011) The Status of Nepal Mammals: The National Red List Series, Department of National Parks and Wildlife Conservation Kathmandu, Nepal.",National
226127,"Manis pentadactyla Linnaeus, 1758",Chinese Pangolin,2011,Nepal,The Status of Nepal's Mammals: The National Red List Series,IUCN,"Endangered
EN","Jnawali, S.R., Baral, H.S., Lee, S., Acharya, K.P., Upadhyay, G.P., Pandey, M., Shrestha, R., Joshi, D., Laminchhane, B.R., Griffiths, J., Khatiwada, A. P., Subedi, N., and Amin, R. (compilers) (2011) The Status of Nepal Mammals: The National Red List Series, Department of National Parks and Wildlife Conservation Kathmandu, Nepal.",National
226128,"Marmota bobak (Müller, 1776)",Bobak Marmot,2011,Nepal,The Status of Nepal's Mammals: The National Red List Series,IUCN,"Least Concern
LC","Jnawali, S.R., Baral, H.S., Lee, S., Acharya, K.P., Upadhyay, G.P., Pandey, M., Shrestha, R., Joshi, D., Laminchhane, B.R., Griffiths, J., Khatiwada, A. P., Subedi, N., and Amin, R. (compilers) (2011) The Status of Nepal Mammals: The National Red List Series, Department of National Parks and Wildlife Conservation Kathmandu, Nepal.",National
226129,"Marmota himalayana (Hodgson, 1841)",Himalayan Marmot,2011,Nepal,The Status of Nepal's Mammals: The National Red List Series,IUCN,"Least Concern
LC","Jnawali, S.R., Baral, H.S., Lee, S., Acharya, K.P., Upadhyay, G.P., Pandey, M., Shrestha, R., Joshi, D., Laminchhane, B.R., Griffiths, J., Khatiwada, A. P., Subedi, N., and Amin, R. (compilers) (2011) The Status of Nepal Mammals: The National Red List Series, Department of National Parks and Wildlife Conservation Kathmandu, Nepal.",National
226130,"Martes flavigula (Boddaert, 1785)",Yellow-throated Marten,2011,Nepal,The Status of Nepal's Mammals: The National Red List Series,IUCN,"Least Concern
LC","Jnawali, S.R., Baral, H.S., Lee, S., Acharya, K.P., Upadhyay, G.P., Pandey, M., Shrestha, R., Joshi, D., Laminchhane, B.R., Griffiths, J., Khatiwada, A. P., Subedi, N., and Amin, R. (compilers) (2011) The Status of Nepal Mammals: The National Red List Series, Department of National Parks and Wildlife Conservation Kathmandu, Nepal.",National
226131,"Martes foina (Erxleben, 1777)",Stone Marten,2011,Nepal,The Status of Nepal's Mammals: The National Red List Series,IUCN,"Least Concern
LC","Jnawali, S.R., Baral, H.S., Lee, S., Acharya, K.P., Upadhyay, G.P., Pandey, M., Shrestha, R., Joshi, D., Laminchhane, B.R., Griffiths, J., Khatiwada, A. P., Subedi, N., and Amin, R. (compilers) (2011) The Status of Nepal Mammals: The National Red List Series, Department of National Parks and Wildlife Conservation Kathmandu, Nepal.",National
226132,"Megaderma lyra E. Geoffroy, 1810",Greater False Vampire,2011,Nepal,The Status of Nepal's Mammals: The National Red List Series,IUCN,"Least Concern
LC","Jnawali, S.R., Baral, H.S., Lee, S., Acharya, K.P., Upadhyay, G.P., Pandey, M., Shrestha, R., Joshi, D., Laminchhane, B.R., Griffiths, J., Khatiwada, A. P., Subedi, N., and Amin, R. (compilers) (2011) The Status of Nepal Mammals: The National Red List Series, Department of National Parks and Wildlife Conservation Kathmandu, Nepal.",National
226133,"Mellivora capensis (Schreber, 1776)",Honey Badger,2011,Nepal,The Status of Nepal's Mammals: The National Red List Series,IUCN,"Endangered
EN","Jnawali, S.R., Baral, H.S., Lee, S., Acharya, K.P., Upadhyay, G.P., Pandey, M., Shrestha, R., Joshi, D., Laminchhane, B.R., Griffiths, J., Khatiwada, A. P., Subedi, N., and Amin, R. (compilers) (2011) The Status of Nepal Mammals: The National Red List Series, Department of National Parks and Wildlife Conservation Kathmandu, Nepal.",National
226134,"Melogale personata I. Geoffroy Saint-Hilaire, 1831",Large-toothed Ferret Badger,2011,Nepal,The Status of Nepal's Mammals: The National Red List Series,IUCN,"Data Deficient
DD","Jnawali, S.R., Baral, H.S., Lee, S., Acharya, K.P., Upadhyay, G.P., Pandey, M., Shrestha, R., Joshi, D., Laminchhane, B.R., Griffiths, J., Khatiwada, A. P., Subedi, N., and Amin, R. (compilers) (2011) The Status of Nepal Mammals: The National Red List Series, Department of National Parks and Wildlife Conservation Kathmandu, Nepal.",National
226135,"Melursus ursinus (Shaw, 1791)",Sloth Bear,2011,Nepal,The Status of Nepal's Mammals: The National Red List Series,IUCN,"Endangered
EN","Jnawali, S.R., Baral, H.S., Lee, S., Acharya, K.P., Upadhyay, G.P., Pandey, M., Shrestha, R., Joshi, D., Laminchhane, B.R., Griffiths, J., Khatiwada, A. P., Subedi, N., and Amin, R. (compilers) (2011) The Status of Nepal Mammals: The National Red List Series, Department of National Parks and Wildlife Conservation Kathmandu, Nepal.",National
226136,"Millardia meltada (Gray, 1837)",Soft-furred Metad,2011,Nepal,The Status of Nepal's Mammals: The National Red List Series,IUCN,"Least Concern
LC","Jnawali, S.R., Baral, H.S., Lee, S., Acharya, K.P., Upadhyay, G.P., Pandey, M., Shrestha, R., Joshi, D., Laminchhane, B.R., Griffiths, J., Khatiwada, A. P., Subedi, N., and Amin, R. (compilers) (2011) The Status of Nepal Mammals: The National Red List Series, Department of National Parks and Wildlife Conservation Kathmandu, Nepal.",National
226137,"Miniopterus pusillus Dobson, 1876",Small Long-fingered Bat,2011,Nepal,The Status of Nepal's Mammals: The National Red List Series,IUCN,"Data Deficient
DD","Jnawali, S.R., Baral, H.S., Lee, S., Acharya, K.P., Upadhyay, G.P., Pandey, M., Shrestha, R., Joshi, D., Laminchhane, B.R., Griffiths, J., Khatiwada, A. P., Subedi, N., and Amin, R. (compilers) (2011) The Status of Nepal Mammals: The National Red List Series, Department of National Parks and Wildlife Conservation Kathmandu, Nepal.",National
226138,"Miniopterus schreibersii (Kuhl, 1817)",Common Bentwing Bat,2011,Nepal,The Status of Nepal's Mammals: The National Red List Series,IUCN,"Least Concern
LC","Jnawali, S.R., Baral, H.S., Lee, S., Acharya, K.P., Upadhyay, G.P., Pandey, M., Shrestha, R., Joshi, D., Laminchhane, B.R., Griffiths, J., Khatiwada, A. P., Subedi, N., and Amin, R. (compilers) (2011) The Status of Nepal Mammals: The National Red List Series, Department of National Parks and Wildlife Conservation Kathmandu, Nepal.",National
226139,"Moschiola indica Gray, 1852",Indian Chevrotain,2011,Nepal,The Status of Nepal's Mammals: The National Red List Series,IUCN,"Critically Endangered
CR","Jnawali, S.R., Baral, H.S., Lee, S., Acharya, K.P., Upadhyay, G.P., Pandey, M., Shrestha, R., Joshi, D., Laminchhane, B.R., Griffiths, J., Khatiwada, A. P., Subedi, N., and Amin, R. (compilers) (2011) The Status of Nepal Mammals: The National Red List Series, Department of National Parks and Wildlife Conservation Kathmandu, Nepal.",National
226140,"Moschus chrysogaster (Hodgson, 1839)",Alpine Musk Deer,2011,Nepal,The Status of Nepal's Mammals: The National Red List Series,IUCN,"Endangered
EN","Jnawali, S.R., Baral, H.S., Lee, S., Acharya, K.P., Upadhyay, G.P., Pandey, M., Shrestha, R., Joshi, D., Laminchhane, B.R., Griffiths, J., Khatiwada, A. P., Subedi, N., and Amin, R. (compilers) (2011) The Status of Nepal Mammals: The National Red List Series, Department of National Parks and Wildlife Conservation Kathmandu, Nepal.",National
226141,"Moschus fuscus Li, 1981",Black Musk Deer,2011,Nepal,The Status of Nepal's Mammals: The National Red List Series,IUCN,"Data Deficient
DD","Jnawali, S.R., Baral, H.S., Lee, S., Acharya, K.P., Upadhyay, G.P., Pandey, M., Shrestha, R., Joshi, D., Laminchhane, B.R., Griffiths, J., Khatiwada, A. P., Subedi, N., and Amin, R. (compilers) (2011) The Status of Nepal Mammals: The National Red List Series, Department of National Parks and Wildlife Conservation Kathmandu, Nepal.",National
226142,"Moschus leucogaster Hodgson, 1839",Himalayan Musk Deer,2011,Nepal,The Status of Nepal's Mammals: The National Red List Series,IUCN,"Data Deficient
DD","Jnawali, S.R., Baral, H.S., Lee, S., Acharya, K.P., Upadhyay, G.P., Pandey, M., Shrestha, R., Joshi, D., Laminchhane, B.R., Griffiths, J., Khatiwada, A. P., Subedi, N., and Amin, R. (compilers) (2011) The Status of Nepal Mammals: The National Red List Series, Department of National Parks and Wildlife Conservation Kathmandu, Nepal.",National
226143,"Muntiacus vaginalis (Boddaert, 1785)",Barking Deer,2011,Nepal,The Status of Nepal's Mammals: The National Red List Series,IUCN,"Vulnerable
VU","Jnawali, S.R., Baral, H.S., Lee, S., Acharya, K.P., Upadhyay, G.P., Pandey, M., Shrestha, R., Joshi, D., Laminchhane, B.R., Griffiths, J., Khatiwada, A. P., Subedi, N., and Amin, R. (compilers) (2011) The Status of Nepal Mammals: The National Red List Series, Department of National Parks and Wildlife Conservation Kathmandu, Nepal.",National
226144,"Murina aurata A. Milne-Edwards, 1872",Tibetan Tube-nosed Bat,2011,Nepal,The Status of Nepal's Mammals: The National Red List Series,IUCN,"Near Threatened
NT","Jnawali, S.R., Baral, H.S., Lee, S., Acharya, K.P., Upadhyay, G.P., Pandey, M., Shrestha, R., Joshi, D., Laminchhane, B.R., Griffiths, J., Khatiwada, A. P., Subedi, N., and Amin, R. (compilers) (2011) The Status of Nepal Mammals: The National Red List Series, Department of National Parks and Wildlife Conservation Kathmandu, Nepal.",National
226145,"Murina cyclotis Dobson, 1872",Round-eared Tube-nosed Bat,2011,Nepal,The Status of Nepal's Mammals: The National Red List Series,IUCN,"Least Concern
LC","Jnawali, S.R., Baral, H.S., Lee, S., Acharya, K.P., Upadhyay, G.P., Pandey, M., Shrestha, R., Joshi, D., Laminchhane, B.R., Griffiths, J., Khatiwada, A. P., Subedi, N., and Amin, R. (compilers) (2011) The Status of Nepal Mammals: The National Red List Series, Department of National Parks and Wildlife Conservation Kathmandu, Nepal.",National
226146,"Murina huttoni (Peters, 1872)",Hutton's Tube-nosed Bat,2011,Nepal,The Status of Nepal's Mammals: The National Red List Series,IUCN,"Data Deficient
DD","Jnawali, S.R., Baral, H.S., Lee, S., Acharya, K.P., Upadhyay, G.P., Pandey, M., Shrestha, R., Joshi, D., Laminchhane, B.R., Griffiths, J., Khatiwada, A. P., Subedi, N., and Amin, R. (compilers) (2011) The Status of Nepal Mammals: The National Red List Series, Department of National Parks and Wildlife Conservation Kathmandu, Nepal.",National
226147,"Murina leucogaster A. Milne-Edwards, 1872",Rufous Tube-nosed Bat,2011,Nepal,The Status of Nepal's Mammals: The National Red List Series,IUCN,"Data Deficient
DD","Jnawali, S.R., Baral, H.S., Lee, S., Acharya, K.P., Upadhyay, G.P., Pandey, M., Shrestha, R., Joshi, D., Laminchhane, B.R., Griffiths, J., Khatiwada, A. P., Subedi, N., and Amin, R. (compilers) (2011) The Status of Nepal Mammals: The National Red List Series, Department of National Parks and Wildlife Conservation Kathmandu, Nepal.",National
226148,"Mus booduga (Gray, 1837)",Common Indian Field Mouse,2011,Nepal,The Status of Nepal's Mammals: The National Red List Series,IUCN,"Least Concern
LC","Jnawali, S.R., Baral, H.S., Lee, S., Acharya, K.P., Upadhyay, G.P., Pandey, M., Shrestha, R., Joshi, D., Laminchhane, B.R., Griffiths, J., Khatiwada, A. P., Subedi, N., and Amin, R. (compilers) (2011) The Status of Nepal Mammals: The National Red List Series, Department of National Parks and Wildlife Conservation Kathmandu, Nepal.",National
226149,"Mus cervicolor Hodgson, 1845",Fawn-colored Mouse,2011,Nepal,The Status of Nepal's Mammals: The National Red List Series,IUCN,"Least Concern
LC","Jnawali, S.R., Baral, H.S., Lee, S., Acharya, K.P., Upadhyay, G.P., Pandey, M., Shrestha, R., Joshi, D., Laminchhane, B.R., Griffiths, J., Khatiwada, A. P., Subedi, N., and Amin, R. (compilers) (2011) The Status of Nepal Mammals: The National Red List Series, Department of National Parks and Wildlife Conservation Kathmandu, Nepal.",National
226150,"Mus cookii Ryley, 1914",Cook's Mouse,2011,Nepal,The Status of Nepal's Mammals: The National Red List Series,IUCN,"Data Deficient
DD","Jnawali, S.R., Baral, H.S., Lee, S., Acharya, K.P., Upadhyay, G.P., Pandey, M., Shrestha, R., Joshi, D., Laminchhane, B.R., Griffiths, J., Khatiwada, A. P., Subedi, N., and Amin, R. (compilers) (2011) The Status of Nepal Mammals: The National Red List Series, Department of National Parks and Wildlife Conservation Kathmandu, Nepal.",National
226151,"Mus musculus (Linnaeus, 1758)",House Mouse,2011,Nepal,The Status of Nepal's Mammals: The National Red List Series,IUCN,"Least Concern
LC","Jnawali, S.R., Baral, H.S., Lee, S., Acharya, K.P., Upadhyay, G.P., Pandey, M., Shrestha, R., Joshi, D., Laminchhane, B.R., Griffiths, J., Khatiwada, A. P., Subedi, N., and Amin, R. (compilers) (2011) The Status of Nepal Mammals: The National Red List Series, Department of National Parks and Wildlife Conservation Kathmandu, Nepal.",National
226152,"Mus phillipsi Wroughton, 1912",Wroughton's Small Spiny Mouse,2011,Nepal,The Status of Nepal's Mammals: The National Red List Series,IUCN,"Data Deficient
DD","Jnawali, S.R., Baral, H.S., Lee, S., Acharya, K.P., Upadhyay, G.P., Pandey, M., Shrestha, R., Joshi, D., Laminchhane, B.R., Griffiths, J., Khatiwada, A. P., Subedi, N., and Amin, R. (compilers) (2011) The Status of Nepal Mammals: The National Red List Series, Department of National Parks and Wildlife Conservation Kathmandu, Nepal.",National
226153,"Mus platythrix Bennett, 1832",Flat-haired Mouse,2011,Nepal,The Status of Nepal's Mammals: The National Red List Series,IUCN,"Data Deficient
DD","Jnawali, S.R., Baral, H.S., Lee, S., Acharya, K.P., Upadhyay, G.P., Pandey, M., Shrestha, R., Joshi, D., Laminchhane, B.R., Griffiths, J., Khatiwada, A. P., Subedi, N., and Amin, R. (compilers) (2011) The Status of Nepal Mammals: The National Red List Series, Department of National Parks and Wildlife Conservation Kathmandu, Nepal.",National
226154,"Mus saxicola Elliot, 1839",Brown Spiny Mouse,2011,Nepal,The Status of Nepal's Mammals: The National Red List Series,IUCN,"Least Concern
LC","Jnawali, S.R., Baral, H.S., Lee, S., Acharya, K.P., Upadhyay, G.P., Pandey, M., Shrestha, R., Joshi, D., Laminchhane, B.R., Griffiths, J., Khatiwada, A. P., Subedi, N., and Amin, R. (compilers) (2011) The Status of Nepal Mammals: The National Red List Series, Department of National Parks and Wildlife Conservation Kathmandu, Nepal.",National
226155,"Mus terricolor Blyth, 1851",Earth-colored Mouse,2011,Nepal,The Status of Nepal's Mammals: The National Red List Series,IUCN,"Least Concern
LC","Jnawali, S.R., Baral, H.S., Lee, S., Acharya, K.P., Upadhyay, G.P., Pandey, M., Shrestha, R., Joshi, D., Laminchhane, B.R., Griffiths, J., Khatiwada, A. P., Subedi, N., and Amin, R. (compilers) (2011) The Status of Nepal Mammals: The National Red List Series, Department of National Parks and Wildlife Conservation Kathmandu, Nepal.",National
226156,"Mustela altaica Pallas, 1811",Altai Weasel,2011,Nepal,The Status of Nepal's Mammals: The National Red List Series,IUCN,"Data Deficient
DD","Jnawali, S.R., Baral, H.S., Lee, S., Acharya, K.P., Upadhyay, G.P., Pandey, M., Shrestha, R., Joshi, D., Laminchhane, B.R., Griffiths, J., Khatiwada, A. P., Subedi, N., and Amin, R. (compilers) (2011) The Status of Nepal Mammals: The National Red List Series, Department of National Parks and Wildlife Conservation Kathmandu, Nepal.",National
226157,"Mustela erminea Linnaeus, 1758",Ermine,2011,Nepal,The Status of Nepal's Mammals: The National Red List Series,IUCN,"Data Deficient
DD","Jnawali, S.R., Baral, H.S., Lee, S., Acharya, K.P., Upadhyay, G.P., Pandey, M., Shrestha, R., Joshi, D., Laminchhane, B.R., Griffiths, J., Khatiwada, A. P., Subedi, N., and Amin, R. (compilers) (2011) The Status of Nepal Mammals: The National Red List Series, Department of National Parks and Wildlife Conservation Kathmandu, Nepal.",National
226158,"Mustela kathiah Hodgson, 1835",Yellow-bellied Weasel,2011,Nepal,The Status of Nepal's Mammals: The National Red List Series,IUCN,"Data Deficient
DD","Jnawali, S.R., Baral, H.S., Lee, S., Acharya, K.P., Upadhyay, G.P., Pandey, M., Shrestha, R., Joshi, D., Laminchhane, B.R., Griffiths, J., Khatiwada, A. P., Subedi, N., and Amin, R. (compilers) (2011) The Status of Nepal Mammals: The National Red List Series, Department of National Parks and Wildlife Conservation Kathmandu, Nepal.",National
226159,"Mustela sibirica Pallas, 1773",Siberian Weasel,2011,Nepal,The Status of Nepal's Mammals: The National Red List Series,IUCN,"Least Concern
LC","Jnawali, S.R., Baral, H.S., Lee, S., Acharya, K.P., Upadhyay, G.P., Pandey, M., Shrestha, R., Joshi, D., Laminchhane, B.R., Griffiths, J., Khatiwada, A. P., Subedi, N., and Amin, R. (compilers) (2011) The Status of Nepal Mammals: The National Red List Series, Department of National Parks and Wildlife Conservation Kathmandu, Nepal.",National
226160,"Mustela strigidorsa Gray, 1853",Stripe-backed Weasel,2011,Nepal,The Status of Nepal's Mammals: The National Red List Series,IUCN,"Data Deficient
DD","Jnawali, S.R., Baral, H.S., Lee, S., Acharya, K.P., Upadhyay, G.P., Pandey, M., Shrestha, R., Joshi, D., Laminchhane, B.R., Griffiths, J., Khatiwada, A. P., Subedi, N., and Amin, R. (compilers) (2011) The Status of Nepal Mammals: The National Red List Series, Department of National Parks and Wildlife Conservation Kathmandu, Nepal.",National
226161,"Myotis blythii (Tomes, 1857)",Lesser Mouse-eared Bat,2011,Nepal,The Status of Nepal's Mammals: The National Red List Series,IUCN,"Data Deficient
DD","Jnawali, S.R., Baral, H.S., Lee, S., Acharya, K.P., Upadhyay, G.P., Pandey, M., Shrestha, R., Joshi, D., Laminchhane, B.R., Griffiths, J., Khatiwada, A. P., Subedi, N., and Amin, R. (compilers) (2011) The Status of Nepal Mammals: The National Red List Series, Department of National Parks and Wildlife Conservation Kathmandu, Nepal.",National
226162,"Myotis csorbai Topál, 1997",Csorba's Mouse-eared Bat,2011,Nepal,The Status of Nepal's Mammals: The National Red List Series,IUCN,"Critically Endangered
CR","Jnawali, S.R., Baral, H.S., Lee, S., Acharya, K.P., Upadhyay, G.P., Pandey, M., Shrestha, R., Joshi, D., Laminchhane, B.R., Griffiths, J., Khatiwada, A. P., Subedi, N., and Amin, R. (compilers) (2011) The Status of Nepal Mammals: The National Red List Series, Department of National Parks and Wildlife Conservation Kathmandu, Nepal.",National
226163,"Myotis formosus (Hodgson, 1835)",Hodgson's Bat,2011,Nepal,The Status of Nepal's Mammals: The National Red List Series,IUCN,"Least Concern
LC","Jnawali, S.R., Baral, H.S., Lee, S., Acharya, K.P., Upadhyay, G.P., Pandey, M., Shrestha, R., Joshi, D., Laminchhane, B.R., Griffiths, J., Khatiwada, A. P., Subedi, N., and Amin, R. (compilers) (2011) The Status of Nepal Mammals: The National Red List Series, Department of National Parks and Wildlife Conservation Kathmandu, Nepal.",National
226164,"Myotis muricola (Gray, 1846)",Nepalese Whiskered Bat,2011,Nepal,The Status of Nepal's Mammals: The National Red List Series,IUCN,"Least Concern
LC","Jnawali, S.R., Baral, H.S., Lee, S., Acharya, K.P., Upadhyay, G.P., Pandey, M., Shrestha, R., Joshi, D., Laminchhane, B.R., Griffiths, J., Khatiwada, A. P., Subedi, N., and Amin, R. (compilers) (2011) The Status of Nepal Mammals: The National Red List Series, Department of National Parks and Wildlife Conservation Kathmandu, Nepal.",National
226165,"Myotis nipalensis Dobson, 1871",Nepal Myotis,2011,Nepal,The Status of Nepal's Mammals: The National Red List Series,IUCN,"Least Concern
LC","Jnawali, S.R., Baral, H.S., Lee, S., Acharya, K.P., Upadhyay, G.P., Pandey, M., Shrestha, R., Joshi, D., Laminchhane, B.R., Griffiths, J., Khatiwada, A. P., Subedi, N., and Amin, R. (compilers) (2011) The Status of Nepal Mammals: The National Red List Series, Department of National Parks and Wildlife Conservation Kathmandu, Nepal.",National
226166,"Myotis sicarius Thomas, 1915",Mandelli's Mouse-eared Bat,2011,Nepal,The Status of Nepal's Mammals: The National Red List Series,IUCN,"Vulnerable
VU","Jnawali, S.R., Baral, H.S., Lee, S., Acharya, K.P., Upadhyay, G.P., Pandey, M., Shrestha, R., Joshi, D., Laminchhane, B.R., Griffiths, J., Khatiwada, A. P., Subedi, N., and Amin, R. (compilers) (2011) The Status of Nepal Mammals: The National Red List Series, Department of National Parks and Wildlife Conservation Kathmandu, Nepal.",National
226167,"Myotis siligorensis (Horsfield, 1855)",Himalayan Whiskered Bat,2011,Nepal,The Status of Nepal's Mammals: The National Red List Series,IUCN,"Least Concern
LC","Jnawali, S.R., Baral, H.S., Lee, S., Acharya, K.P., Upadhyay, G.P., Pandey, M., Shrestha, R., Joshi, D., Laminchhane, B.R., Griffiths, J., Khatiwada, A. P., Subedi, N., and Amin, R. (compilers) (2011) The Status of Nepal Mammals: The National Red List Series, Department of National Parks and Wildlife Conservation Kathmandu, Nepal.",National
226168,"Naemorhedus goral (Hardwicke, 1825)",Himalayan Goral,2011,Nepal,The Status of Nepal's Mammals: The National Red List Series,IUCN,"Near Threatened
NT","Jnawali, S.R., Baral, H.S., Lee, S., Acharya, K.P., Upadhyay, G.P., Pandey, M., Shrestha, R., Joshi, D., Laminchhane, B.R., Griffiths, J., Khatiwada, A. P., Subedi, N., and Amin, R. (compilers) (2011) The Status of Nepal Mammals: The National Red List Series, Department of National Parks and Wildlife Conservation Kathmandu, Nepal.",National
226169,"Nectogale elegans Milne-Edwards, 1870",Elegant Water Shrew,2011,Nepal,The Status of Nepal's Mammals: The National Red List Series,IUCN,"Data Deficient
DD","Jnawali, S.R., Baral, H.S., Lee, S., Acharya, K.P., Upadhyay, G.P., Pandey, M., Shrestha, R., Joshi, D., Laminchhane, B.R., Griffiths, J., Khatiwada, A. P., Subedi, N., and Amin, R. (compilers) (2011) The Status of Nepal Mammals: The National Red List Series, Department of National Parks and Wildlife Conservation Kathmandu, Nepal.",National
226170,"Neodon sikimensis Hodgson, 1849",Sikkim Vole,2011,Nepal,The Status of Nepal's Mammals: The National Red List Series,IUCN,"Data Deficient
DD","Jnawali, S.R., Baral, H.S., Lee, S., Acharya, K.P., Upadhyay, G.P., Pandey, M., Shrestha, R., Joshi, D., Laminchhane, B.R., Griffiths, J., Khatiwada, A. P., Subedi, N., and Amin, R. (compilers) (2011) The Status of Nepal Mammals: The National Red List Series, Department of National Parks and Wildlife Conservation Kathmandu, Nepal.",National
226171,"Neofelis nebulosa (Griffith, 1821)",Clouded Leopard,2011,Nepal,The Status of Nepal's Mammals: The National Red List Series,IUCN,"Endangered
EN","Jnawali, S.R., Baral, H.S., Lee, S., Acharya, K.P., Upadhyay, G.P., Pandey, M., Shrestha, R., Joshi, D., Laminchhane, B.R., Griffiths, J., Khatiwada, A. P., Subedi, N., and Amin, R. (compilers) (2011) The Status of Nepal Mammals: The National Red List Series, Department of National Parks and Wildlife Conservation Kathmandu, Nepal.",National
226172,"Nesokia indica (Gray, 1830)",Short-tailed Bandicoot Rat,2011,Nepal,The Status of Nepal's Mammals: The National Red List Series,IUCN,"Least Concern
LC","Jnawali, S.R., Baral, H.S., Lee, S., Acharya, K.P., Upadhyay, G.P., Pandey, M., Shrestha, R., Joshi, D., Laminchhane, B.R., Griffiths, J., Khatiwada, A. P., Subedi, N., and Amin, R. (compilers) (2011) The Status of Nepal Mammals: The National Red List Series, Department of National Parks and Wildlife Conservation Kathmandu, Nepal.",National
226173,"Niviventer eha (Wroughton, 1916)",Little Himalayan Rat,2011,Nepal,The Status of Nepal's Mammals: The National Red List Series,IUCN,"Least Concern
LC","Jnawali, S.R., Baral, H.S., Lee, S., Acharya, K.P., Upadhyay, G.P., Pandey, M., Shrestha, R., Joshi, D., Laminchhane, B.R., Griffiths, J., Khatiwada, A. P., Subedi, N., and Amin, R. (compilers) (2011) The Status of Nepal Mammals: The National Red List Series, Department of National Parks and Wildlife Conservation Kathmandu, Nepal.",National
226174,"Niviventer fulvescens (Gray, 1847)",Chestnut White-bellied Rat,2011,Nepal,The Status of Nepal's Mammals: The National Red List Series,IUCN,"Data Deficient
DD","Jnawali, S.R., Baral, H.S., Lee, S., Acharya, K.P., Upadhyay, G.P., Pandey, M., Shrestha, R., Joshi, D., Laminchhane, B.R., Griffiths, J., Khatiwada, A. P., Subedi, N., and Amin, R. (compilers) (2011) The Status of Nepal Mammals: The National Red List Series, Department of National Parks and Wildlife Conservation Kathmandu, Nepal.",National
226175,"Niviventer niviventer (Hodgson, 1836)",Himalayan White-bellied Rat,2011,Nepal,The Status of Nepal's Mammals: The National Red List Series,IUCN,"Least Concern
LC","Jnawali, S.R., Baral, H.S., Lee, S., Acharya, K.P., Upadhyay, G.P., Pandey, M., Shrestha, R., Joshi, D., Laminchhane, B.R., Griffiths, J., Khatiwada, A. P., Subedi, N., and Amin, R. (compilers) (2011) The Status of Nepal Mammals: The National Red List Series, Department of National Parks and Wildlife Conservation Kathmandu, Nepal.",National
226176,"Nyctalus montanus (Barrett-Hamilton, 1906)",Mountain Noctule,2011,Nepal,The Status of Nepal's Mammals: The National Red List Series,IUCN,"Data Deficient
DD","Jnawali, S.R., Baral, H.S., Lee, S., Acharya, K.P., Upadhyay, G.P., Pandey, M., Shrestha, R., Joshi, D., Laminchhane, B.R., Griffiths, J., Khatiwada, A. P., Subedi, N., and Amin, R. (compilers) (2011) The Status of Nepal Mammals: The National Red List Series, Department of National Parks and Wildlife Conservation Kathmandu, Nepal.",National
226177,"Nyctalus noctula (Schreber, 1774)",Noctule,2011,Nepal,The Status of Nepal's Mammals: The National Red List Series,IUCN,"Data Deficient
DD","Jnawali, S.R., Baral, H.S., Lee, S., Acharya, K.P., Upadhyay, G.P., Pandey, M., Shrestha, R., Joshi, D., Laminchhane, B.R., Griffiths, J., Khatiwada, A. P., Subedi, N., and Amin, R. (compilers) (2011) The Status of Nepal Mammals: The National Red List Series, Department of National Parks and Wildlife Conservation Kathmandu, Nepal.",National
226178,"Ochotona curzoniae (Hodgson, 1858)",Plateau Pika,2011,Nepal,The Status of Nepal's Mammals: The National Red List Series,IUCN,"Data Deficient
DD","Jnawali, S.R., Baral, H.S., Lee, S., Acharya, K.P., Upadhyay, G.P., Pandey, M., Shrestha, R., Joshi, D., Laminchhane, B.R., Griffiths, J., Khatiwada, A. P., Subedi, N., and Amin, R. (compilers) (2011) The Status of Nepal Mammals: The National Red List Series, Department of National Parks and Wildlife Conservation Kathmandu, Nepal.",National
226179,"Ochotona himalayana Feng, 1973",Himalayan pika,2011,Nepal,The Status of Nepal's Mammals: The National Red List Series,IUCN,"Endangered
EN","Jnawali, S.R., Baral, H.S., Lee, S., Acharya, K.P., Upadhyay, G.P., Pandey, M., Shrestha, R., Joshi, D., Laminchhane, B.R., Griffiths, J., Khatiwada, A. P., Subedi, N., and Amin, R. (compilers) (2011) The Status of Nepal Mammals: The National Red List Series, Department of National Parks and Wildlife Conservation Kathmandu, Nepal.",National
226180,"Ochotona lama (Mitchell & Punzo, 1975)",Lama's pika,2011,Nepal,The Status of Nepal's Mammals: The National Red List Series,IUCN,"Data Deficient
DD","Jnawali, S.R., Baral, H.S., Lee, S., Acharya, K.P., Upadhyay, G.P., Pandey, M., Shrestha, R., Joshi, D., Laminchhane, B.R., Griffiths, J., Khatiwada, A. P., Subedi, N., and Amin, R. (compilers) (2011) The Status of Nepal Mammals: The National Red List Series, Department of National Parks and Wildlife Conservation Kathmandu, Nepal.",National
226181,"Ochotona macrotis (Günther, 1875)",Large-eared pika,2011,Nepal,The Status of Nepal's Mammals: The National Red List Series,IUCN,"Data Deficient
DD","Jnawali, S.R., Baral, H.S., Lee, S., Acharya, K.P., Upadhyay, G.P., Pandey, M., Shrestha, R., Joshi, D., Laminchhane, B.R., Griffiths, J., Khatiwada, A. P., Subedi, N., and Amin, R. (compilers) (2011) The Status of Nepal Mammals: The National Red List Series, Department of National Parks and Wildlife Conservation Kathmandu, Nepal.",National
226182,"Ochotona nubrica Thomas, 1922",Nubra pika,2011,Nepal,The Status of Nepal's Mammals: The National Red List Series,IUCN,"Data Deficient
DD","Jnawali, S.R., Baral, H.S., Lee, S., Acharya, K.P., Upadhyay, G.P., Pandey, M., Shrestha, R., Joshi, D., Laminchhane, B.R., Griffiths, J., Khatiwada, A. P., Subedi, N., and Amin, R. (compilers) (2011) The Status of Nepal Mammals: The National Red List Series, Department of National Parks and Wildlife Conservation Kathmandu, Nepal.",National
226183,"Ochotona roylei (Ogilby, 1839)",Royle's pika,2011,Nepal,The Status of Nepal's Mammals: The National Red List Series,IUCN,"Data Deficient
DD","Jnawali, S.R., Baral, H.S., Lee, S., Acharya, K.P., Upadhyay, G.P., Pandey, M., Shrestha, R., Joshi, D., Laminchhane, B.R., Griffiths, J., Khatiwada, A. P., Subedi, N., and Amin, R. (compilers) (2011) The Status of Nepal Mammals: The National Red List Series, Department of National Parks and Wildlife Conservation Kathmandu, Nepal.",National
226184,"Ochotona thibetana (Milne-Edwards, 1871)",Moupin pika,2011,Nepal,The Status of Nepal's Mammals: The National Red List Series,IUCN,"Data Deficient
DD","Jnawali, S.R., Baral, H.S., Lee, S., Acharya, K.P., Upadhyay, G.P., Pandey, M., Shrestha, R., Joshi, D., Laminchhane, B.R., Griffiths, J., Khatiwada, A. P., Subedi, N., and Amin, R. (compilers) (2011) The Status of Nepal Mammals: The National Red List Series, Department of National Parks and Wildlife Conservation Kathmandu, Nepal.",National
226185,"Ovis ammon (Linnaeus, 1758)",Argali,2011,Nepal,The Status of Nepal's Mammals: The National Red List Series,IUCN,"Data Deficient
DD","Jnawali, S.R., Baral, H.S., Lee, S., Acharya, K.P., Upadhyay, G.P., Pandey, M., Shrestha, R., Joshi, D., Laminchhane, B.R., Griffiths, J., Khatiwada, A. P., Subedi, N., and Amin, R. (compilers) (2011) The Status of Nepal Mammals: The National Red List Series, Department of National Parks and Wildlife Conservation Kathmandu, Nepal.",National
226186,"Paguma larvata (C. E. H. Smith, 1827)",Masked Palm Civet,2011,Nepal,The Status of Nepal's Mammals: The National Red List Series,IUCN,"Least Concern
LC","Jnawali, S.R., Baral, H.S., Lee, S., Acharya, K.P., Upadhyay, G.P., Pandey, M., Shrestha, R., Joshi, D., Laminchhane, B.R., Griffiths, J., Khatiwada, A. P., Subedi, N., and Amin, R. (compilers) (2011) The Status of Nepal Mammals: The National Red List Series, Department of National Parks and Wildlife Conservation Kathmandu, Nepal.",National
226187,"Panthera pardus (Linnaeus, 1758)",Common Leopard,2011,Nepal,The Status of Nepal's Mammals: The National Red List Series,IUCN,"Vulnerable
VU","Jnawali, S.R., Baral, H.S., Lee, S., Acharya, K.P., Upadhyay, G.P., Pandey, M., Shrestha, R., Joshi, D., Laminchhane, B.R., Griffiths, J., Khatiwada, A. P., Subedi, N., and Amin, R. (compilers) (2011) The Status of Nepal Mammals: The National Red List Series, Department of National Parks and Wildlife Conservation Kathmandu, Nepal.",National
226188,"Panthera tigris (Linnaeus, 1758)",Royal Bengal Tiger,2011,Nepal,The Status of Nepal's Mammals: The National Red List Series,IUCN,"Endangered
EN","Jnawali, S.R., Baral, H.S., Lee, S., Acharya, K.P., Upadhyay, G.P., Pandey, M., Shrestha, R., Joshi, D., Laminchhane, B.R., Griffiths, J., Khatiwada, A. P., Subedi, N., and Amin, R. (compilers) (2011) The Status of Nepal Mammals: The National Red List Series, Department of National Parks and Wildlife Conservation Kathmandu, Nepal.",National
226189,"Panthera uncia (Schreber, 1775)",Snow Leopard,2011,Nepal,The Status of Nepal's Mammals: The National Red List Series,IUCN,"Endangered
EN","Jnawali, S.R., Baral, H.S., Lee, S., Acharya, K.P., Upadhyay, G.P., Pandey, M., Shrestha, R., Joshi, D., Laminchhane, B.R., Griffiths, J., Khatiwada, A. P., Subedi, N., and Amin, R. (compilers) (2011) The Status of Nepal Mammals: The National Red List Series, Department of National Parks and Wildlife Conservation Kathmandu, Nepal.",National
226190,"Pantholops hodgsonii (Abel, 1826)",Tibetan Antelope,2011,Nepal,The Status of Nepal's Mammals: The National Red List Series,IUCN,"Data Deficient
DD","Jnawali, S.R., Baral, H.S., Lee, S., Acharya, K.P., Upadhyay, G.P., Pandey, M., Shrestha, R., Joshi, D., Laminchhane, B.R., Griffiths, J., Khatiwada, A. P., Subedi, N., and Amin, R. (compilers) (2011) The Status of Nepal Mammals: The National Red List Series, Department of National Parks and Wildlife Conservation Kathmandu, Nepal.",National
226191,"Paradoxurus hermaphroditus (Pallas, 1777)",Common Palm Civet,2011,Nepal,The Status of Nepal's Mammals: The National Red List Series,IUCN,"Least Concern
LC","Jnawali, S.R., Baral, H.S., Lee, S., Acharya, K.P., Upadhyay, G.P., Pandey, M., Shrestha, R., Joshi, D., Laminchhane, B.R., Griffiths, J., Khatiwada, A. P., Subedi, N., and Amin, R. (compilers) (2011) The Status of Nepal Mammals: The National Red List Series, Department of National Parks and Wildlife Conservation Kathmandu, Nepal.",National
226192,"Pardofelis marmorata (Martin, 1837)",Marbled Cat,2011,Nepal,The Status of Nepal's Mammals: The National Red List Series,IUCN,"Data Deficient
DD","Jnawali, S.R., Baral, H.S., Lee, S., Acharya, K.P., Upadhyay, G.P., Pandey, M., Shrestha, R., Joshi, D., Laminchhane, B.R., Griffiths, J., Khatiwada, A. P., Subedi, N., and Amin, R. (compilers) (2011) The Status of Nepal Mammals: The National Red List Series, Department of National Parks and Wildlife Conservation Kathmandu, Nepal.",National
226193,"Pardofelis temminckii (Vigors and Horsfield, 1827)",Asiatic Golden Cat,2011,Nepal,The Status of Nepal's Mammals: The National Red List Series,IUCN,"Data Deficient
DD","Jnawali, S.R., Baral, H.S., Lee, S., Acharya, K.P., Upadhyay, G.P., Pandey, M., Shrestha, R., Joshi, D., Laminchhane, B.R., Griffiths, J., Khatiwada, A. P., Subedi, N., and Amin, R. (compilers) (2011) The Status of Nepal Mammals: The National Red List Series, Department of National Parks and Wildlife Conservation Kathmandu, Nepal.",National
226194,"Petaurista elegans (Müller, 1840)",Spotted Giant Flying Squirrel,2011,Nepal,The Status of Nepal's Mammals: The National Red List Series,IUCN,"Data Deficient
DD","Jnawali, S.R., Baral, H.S., Lee, S., Acharya, K.P., Upadhyay, G.P., Pandey, M., Shrestha, R., Joshi, D., Laminchhane, B.R., Griffiths, J., Khatiwada, A. P., Subedi, N., and Amin, R. (compilers) (2011) The Status of Nepal Mammals: The National Red List Series, Department of National Parks and Wildlife Conservation Kathmandu, Nepal.",National
226195,"Petaurista magnificus (Hodgson, 1836)",Hodgson's Giant Flying Squirrel,2011,Nepal,The Status of Nepal's Mammals: The National Red List Series,IUCN,"Data Deficient
DD","Jnawali, S.R., Baral, H.S., Lee, S., Acharya, K.P., Upadhyay, G.P., Pandey, M., Shrestha, R., Joshi, D., Laminchhane, B.R., Griffiths, J., Khatiwada, A. P., Subedi, N., and Amin, R. (compilers) (2011) The Status of Nepal Mammals: The National Red List Series, Department of National Parks and Wildlife Conservation Kathmandu, Nepal.",National
226196,"Petaurista nobilis (Gray, 1842)",Bhutan Giant Flying Squirrel,2011,Nepal,The Status of Nepal's Mammals: The National Red List Series,IUCN,"Data Deficient
DD","Jnawali, S.R., Baral, H.S., Lee, S., Acharya, K.P., Upadhyay, G.P., Pandey, M., Shrestha, R., Joshi, D., Laminchhane, B.R., Griffiths, J., Khatiwada, A. P., Subedi, N., and Amin, R. (compilers) (2011) The Status of Nepal Mammals: The National Red List Series, Department of National Parks and Wildlife Conservation Kathmandu, Nepal.",National
226197,"Petaurista petaurista (Schreber, 1774)",Red Giant Flying Squirrel,2011,Nepal,The Status of Nepal's Mammals: The National Red List Series,IUCN,"Least Concern
LC","Jnawali, S.R., Baral, H.S., Lee, S., Acharya, K.P., Upadhyay, G.P., Pandey, M., Shrestha, R., Joshi, D., Laminchhane, B.R., Griffiths, J., Khatiwada, A. P., Subedi, N., and Amin, R. (compilers) (2011) The Status of Nepal Mammals: The National Red List Series, Department of National Parks and Wildlife Conservation Kathmandu, Nepal.",National
226198,"Phaiomys leucurus (Blyth, 1863)",Blyth's Vole,2011,Nepal,The Status of Nepal's Mammals: The National Red List Series,IUCN,"Data Deficient
DD","Jnawali, S.R., Baral, H.S., Lee, S., Acharya, K.P., Upadhyay, G.P., Pandey, M., Shrestha, R., Joshi, D., Laminchhane, B.R., Griffiths, J., Khatiwada, A. P., Subedi, N., and Amin, R. (compilers) (2011) The Status of Nepal Mammals: The National Red List Series, Department of National Parks and Wildlife Conservation Kathmandu, Nepal.",National
226199,"Philetor brachypterus (Temminck, 1840)",Short-winged Pipistrelle,2011,Nepal,The Status of Nepal's Mammals: The National Red List Series,IUCN,"Vulnerable
VU","Jnawali, S.R., Baral, H.S., Lee, S., Acharya, K.P., Upadhyay, G.P., Pandey, M., Shrestha, R., Joshi, D., Laminchhane, B.R., Griffiths, J., Khatiwada, A. P., Subedi, N., and Amin, R. (compilers) (2011) The Status of Nepal Mammals: The National Red List Series, Department of National Parks and Wildlife Conservation Kathmandu, Nepal.",National
226200,"Pipistrellus coromandra (Gray, 1838)",Coromandel Pipistrelle,2011,Nepal,The Status of Nepal's Mammals: The National Red List Series,IUCN,"Least Concern
LC","Jnawali, S.R., Baral, H.S., Lee, S., Acharya, K.P., Upadhyay, G.P., Pandey, M., Shrestha, R., Joshi, D., Laminchhane, B.R., Griffiths, J., Khatiwada, A. P., Subedi, N., and Amin, R. (compilers) (2011) The Status of Nepal Mammals: The National Red List Series, Department of National Parks and Wildlife Conservation Kathmandu, Nepal.",National
226201,"Pipistrellus javanicus (Gray, 1838)",Javan Pipistrelle,2011,Nepal,The Status of Nepal's Mammals: The National Red List Series,IUCN,"Least Concern
LC","Jnawali, S.R., Baral, H.S., Lee, S., Acharya, K.P., Upadhyay, G.P., Pandey, M., Shrestha, R., Joshi, D., Laminchhane, B.R., Griffiths, J., Khatiwada, A. P., Subedi, N., and Amin, R. (compilers) (2011) The Status of Nepal Mammals: The National Red List Series, Department of National Parks and Wildlife Conservation Kathmandu, Nepal.",National
226202,"Pipistrellus tenuis (Temminck, 1840)",Least Pipistrelle,2011,Nepal,The Status of Nepal's Mammals: The National Red List Series,IUCN,"Least Concern
LC","Jnawali, S.R., Baral, H.S., Lee, S., Acharya, K.P., Upadhyay, G.P., Pandey, M., Shrestha, R., Joshi, D., Laminchhane, B.R., Griffiths, J., Khatiwada, A. P., Subedi, N., and Amin, R. (compilers) (2011) The Status of Nepal Mammals: The National Red List Series, Department of National Parks and Wildlife Conservation Kathmandu, Nepal.",National
226203,"Platanista gangetica (Roxburgh, 1801)",South Asian River Dolphin,2011,Nepal,The Status of Nepal's Mammals: The National Red List Series,IUCN,"Critically Endangered
CR","Jnawali, S.R., Baral, H.S., Lee, S., Acharya, K.P., Upadhyay, G.P., Pandey, M., Shrestha, R., Joshi, D., Laminchhane, B.R., Griffiths, J., Khatiwada, A. P., Subedi, N., and Amin, R. (compilers) (2011) The Status of Nepal Mammals: The National Red List Series, Department of National Parks and Wildlife Conservation Kathmandu, Nepal.",National
226204,"Plecotus auritus (Linnaeus, 1758)",Brown Big-eared Bat,2011,Nepal,The Status of Nepal's Mammals: The National Red List Series,IUCN,"Data Deficient
DD","Jnawali, S.R., Baral, H.S., Lee, S., Acharya, K.P., Upadhyay, G.P., Pandey, M., Shrestha, R., Joshi, D., Laminchhane, B.R., Griffiths, J., Khatiwada, A. P., Subedi, N., and Amin, R. (compilers) (2011) The Status of Nepal Mammals: The National Red List Series, Department of National Parks and Wildlife Conservation Kathmandu, Nepal.",National
226205,"Plecotus austriacus (J. Fischer, 1829)",Grey Long-earred Bat,2011,Nepal,The Status of Nepal's Mammals: The National Red List Series,IUCN,"Data Deficient
DD","Jnawali, S.R., Baral, H.S., Lee, S., Acharya, K.P., Upadhyay, G.P., Pandey, M., Shrestha, R., Joshi, D., Laminchhane, B.R., Griffiths, J., Khatiwada, A. P., Subedi, N., and Amin, R. (compilers) (2011) The Status of Nepal Mammals: The National Red List Series, Department of National Parks and Wildlife Conservation Kathmandu, Nepal.",National
226206,"Porcula salvania Hodgson, 1847",Pygmy Hog,2011,Nepal,The Status of Nepal's Mammals: The National Red List Series,IUCN,"Regionally Extinct
RE","Jnawali, S.R., Baral, H.S., Lee, S., Acharya, K.P., Upadhyay, G.P., Pandey, M., Shrestha, R., Joshi, D., Laminchhane, B.R., Griffiths, J., Khatiwada, A. P., Subedi, N., and Amin, R. (compilers) (2011) The Status of Nepal Mammals: The National Red List Series, Department of National Parks and Wildlife Conservation Kathmandu, Nepal.",National
226207,"Prionailurus bengalensis (Kerr, 1792)",Leopard Cat,2011,Nepal,The Status of Nepal's Mammals: The National Red List Series,IUCN,"Vulnerable
VU","Jnawali, S.R., Baral, H.S., Lee, S., Acharya, K.P., Upadhyay, G.P., Pandey, M., Shrestha, R., Joshi, D., Laminchhane, B.R., Griffiths, J., Khatiwada, A. P., Subedi, N., and Amin, R. (compilers) (2011) The Status of Nepal Mammals: The National Red List Series, Department of National Parks and Wildlife Conservation Kathmandu, Nepal.",National
226208,"Prionailurus viverrinus (Bennett, 1833)",Fishing Cat,2011,Nepal,The Status of Nepal's Mammals: The National Red List Series,IUCN,"Endangered
EN","Jnawali, S.R., Baral, H.S., Lee, S., Acharya, K.P., Upadhyay, G.P., Pandey, M., Shrestha, R., Joshi, D., Laminchhane, B.R., Griffiths, J., Khatiwada, A. P., Subedi, N., and Amin, R. (compilers) (2011) The Status of Nepal Mammals: The National Red List Series, Department of National Parks and Wildlife Conservation Kathmandu, Nepal.",National
226209,"Prionodon pardicolor Hodgson, 1842",Spotted Linsang,2011,Nepal,The Status of Nepal's Mammals: The National Red List Series,IUCN,"Endangered
EN","Jnawali, S.R., Baral, H.S., Lee, S., Acharya, K.P., Upadhyay, G.P., Pandey, M., Shrestha, R., Joshi, D., Laminchhane, B.R., Griffiths, J., Khatiwada, A. P., Subedi, N., and Amin, R. (compilers) (2011) The Status of Nepal Mammals: The National Red List Series, Department of National Parks and Wildlife Conservation Kathmandu, Nepal.",National
226210,"Procapra picticaudata Hodgson, 1846",Tibetan Gazelle,2011,Nepal,The Status of Nepal's Mammals: The National Red List Series,IUCN,"Critically Endangered
CR","Jnawali, S.R., Baral, H.S., Lee, S., Acharya, K.P., Upadhyay, G.P., Pandey, M., Shrestha, R., Joshi, D., Laminchhane, B.R., Griffiths, J., Khatiwada, A. P., Subedi, N., and Amin, R. (compilers) (2011) The Status of Nepal Mammals: The National Red List Series, Department of National Parks and Wildlife Conservation Kathmandu, Nepal.",National
226211,"Pseudois nayaur (Hodgson, 1833)",Blue Sheep,2011,Nepal,The Status of Nepal's Mammals: The National Red List Series,IUCN,"Least Concern
LC","Jnawali, S.R., Baral, H.S., Lee, S., Acharya, K.P., Upadhyay, G.P., Pandey, M., Shrestha, R., Joshi, D., Laminchhane, B.R., Griffiths, J., Khatiwada, A. P., Subedi, N., and Amin, R. (compilers) (2011) The Status of Nepal Mammals: The National Red List Series, Department of National Parks and Wildlife Conservation Kathmandu, Nepal.",National
226212,"Pteropus giganteus (Brünnich, 1782)",Indian Flying Fox,2011,Nepal,The Status of Nepal's Mammals: The National Red List Series,IUCN,"Least Concern
LC","Jnawali, S.R., Baral, H.S., Lee, S., Acharya, K.P., Upadhyay, G.P., Pandey, M., Shrestha, R., Joshi, D., Laminchhane, B.R., Griffiths, J., Khatiwada, A. P., Subedi, N., and Amin, R. (compilers) (2011) The Status of Nepal Mammals: The National Red List Series, Department of National Parks and Wildlife Conservation Kathmandu, Nepal.",National
226213,"Rattus andamanensis (Blyth, 1860)",Sikkim Rat,2011,Nepal,The Status of Nepal's Mammals: The National Red List Series,IUCN,"Data Deficient
DD","Jnawali, S.R., Baral, H.S., Lee, S., Acharya, K.P., Upadhyay, G.P., Pandey, M., Shrestha, R., Joshi, D., Laminchhane, B.R., Griffiths, J., Khatiwada, A. P., Subedi, N., and Amin, R. (compilers) (2011) The Status of Nepal Mammals: The National Red List Series, Department of National Parks and Wildlife Conservation Kathmandu, Nepal.",National
226214,"Rattus nitidus (Hodgson, 1845)",Himalayan Field Rat,2011,Nepal,The Status of Nepal's Mammals: The National Red List Series,IUCN,"Least Concern
LC","Jnawali, S.R., Baral, H.S., Lee, S., Acharya, K.P., Upadhyay, G.P., Pandey, M., Shrestha, R., Joshi, D., Laminchhane, B.R., Griffiths, J., Khatiwada, A. P., Subedi, N., and Amin, R. (compilers) (2011) The Status of Nepal Mammals: The National Red List Series, Department of National Parks and Wildlife Conservation Kathmandu, Nepal.",National
226215,"Rattus norvegicus (Berkenhout, 1769)",Brown Rat,2011,Nepal,The Status of Nepal's Mammals: The National Red List Series,IUCN,"Least Concern
LC","Jnawali, S.R., Baral, H.S., Lee, S., Acharya, K.P., Upadhyay, G.P., Pandey, M., Shrestha, R., Joshi, D., Laminchhane, B.R., Griffiths, J., Khatiwada, A. P., Subedi, N., and Amin, R. (compilers) (2011) The Status of Nepal Mammals: The National Red List Series, Department of National Parks and Wildlife Conservation Kathmandu, Nepal.",National
226216,"Rattus pyctoris (Hodgson, 1845)",Himalayan Rat,2011,Nepal,The Status of Nepal's Mammals: The National Red List Series,IUCN,"Least Concern
LC","Jnawali, S.R., Baral, H.S., Lee, S., Acharya, K.P., Upadhyay, G.P., Pandey, M., Shrestha, R., Joshi, D., Laminchhane, B.R., Griffiths, J., Khatiwada, A. P., Subedi, N., and Amin, R. (compilers) (2011) The Status of Nepal Mammals: The National Red List Series, Department of National Parks and Wildlife Conservation Kathmandu, Nepal.",National
226218,"Ratufa bicolor (Sparrman, 1778)",Black Giant Squirrel,2011,Nepal,The Status of Nepal's Mammals: The National Red List Series,IUCN,"Endangered
EN","Jnawali, S.R., Baral, H.S., Lee, S., Acharya, K.P., Upadhyay, G.P., Pandey, M., Shrestha, R., Joshi, D., Laminchhane, B.R., Griffiths, J., Khatiwada, A. P., Subedi, N., and Amin, R. (compilers) (2011) The Status of Nepal Mammals: The National Red List Series, Department of National Parks and Wildlife Conservation Kathmandu, Nepal.",National
226219,"Rhinoceros unicornis Linnaeus, 1758",Greater One-horned Rhinoceros,2011,Nepal,The Status of Nepal's Mammals: The National Red List Series,IUCN,"Endangered
EN","Jnawali, S.R., Baral, H.S., Lee, S., Acharya, K.P., Upadhyay, G.P., Pandey, M., Shrestha, R., Joshi, D., Laminchhane, B.R., Griffiths, J., Khatiwada, A. P., Subedi, N., and Amin, R. (compilers) (2011) The Status of Nepal Mammals: The National Red List Series, Department of National Parks and Wildlife Conservation Kathmandu, Nepal.",National
226220,"Rhinolophus affinis Horsfield, 1823",Intermediate Horseshoe Bat,2011,Nepal,The Status of Nepal's Mammals: The National Red List Series,IUCN,"Least Concern
LC","Jnawali, S.R., Baral, H.S., Lee, S., Acharya, K.P., Upadhyay, G.P., Pandey, M., Shrestha, R., Joshi, D., Laminchhane, B.R., Griffiths, J., Khatiwada, A. P., Subedi, N., and Amin, R. (compilers) (2011) The Status of Nepal Mammals: The National Red List Series, Department of National Parks and Wildlife Conservation Kathmandu, Nepal.",National
226221,"Rhinolophus ferrumequinum (Schreber, 1774)",Greater Horseshoe Bat,2011,Nepal,The Status of Nepal's Mammals: The National Red List Series,IUCN,"Least Concern
LC","Jnawali, S.R., Baral, H.S., Lee, S., Acharya, K.P., Upadhyay, G.P., Pandey, M., Shrestha, R., Joshi, D., Laminchhane, B.R., Griffiths, J., Khatiwada, A. P., Subedi, N., and Amin, R. (compilers) (2011) The Status of Nepal Mammals: The National Red List Series, Department of National Parks and Wildlife Conservation Kathmandu, Nepal.",National
226222,"Rhinolophus lepidus Blyth, 1844",Blyth's Horseshoe Bat,2011,Nepal,The Status of Nepal's Mammals: The National Red List Series,IUCN,"Near Threatened
NT","Jnawali, S.R., Baral, H.S., Lee, S., Acharya, K.P., Upadhyay, G.P., Pandey, M., Shrestha, R., Joshi, D., Laminchhane, B.R., Griffiths, J., Khatiwada, A. P., Subedi, N., and Amin, R. (compilers) (2011) The Status of Nepal Mammals: The National Red List Series, Department of National Parks and Wildlife Conservation Kathmandu, Nepal.",National
226223,"Rhinolophus luctus Temminck, 1834",Woolly Horseshoe Bat,2011,Nepal,The Status of Nepal's Mammals: The National Red List Series,IUCN,"Least Concern
LC","Jnawali, S.R., Baral, H.S., Lee, S., Acharya, K.P., Upadhyay, G.P., Pandey, M., Shrestha, R., Joshi, D., Laminchhane, B.R., Griffiths, J., Khatiwada, A. P., Subedi, N., and Amin, R. (compilers) (2011) The Status of Nepal Mammals: The National Red List Series, Department of National Parks and Wildlife Conservation Kathmandu, Nepal.",National
226224,"Rhinolophus macrotis Blyth, 1844",Big-eared Horseshoe Bat,2011,Nepal,The Status of Nepal's Mammals: The National Red List Series,IUCN,"Least Concern
LC","Jnawali, S.R., Baral, H.S., Lee, S., Acharya, K.P., Upadhyay, G.P., Pandey, M., Shrestha, R., Joshi, D., Laminchhane, B.R., Griffiths, J., Khatiwada, A. P., Subedi, N., and Amin, R. (compilers) (2011) The Status of Nepal Mammals: The National Red List Series, Department of National Parks and Wildlife Conservation Kathmandu, Nepal.",National
226225,"Rhinolophus pearsonii Horsfield, 1851",Pearson's Horseshoe Bat,2011,Nepal,The Status of Nepal's Mammals: The National Red List Series,IUCN,"Least Concern
LC","Jnawali, S.R., Baral, H.S., Lee, S., Acharya, K.P., Upadhyay, G.P., Pandey, M., Shrestha, R., Joshi, D., Laminchhane, B.R., Griffiths, J., Khatiwada, A. P., Subedi, N., and Amin, R. (compilers) (2011) The Status of Nepal Mammals: The National Red List Series, Department of National Parks and Wildlife Conservation Kathmandu, Nepal.",National
226226,"Rhinolophus pusillus Temminck, 1834",Least Horseshoe Bat,2011,Nepal,The Status of Nepal's Mammals: The National Red List Series,IUCN,"Least Concern
LC","Jnawali, S.R., Baral, H.S., Lee, S., Acharya, K.P., Upadhyay, G.P., Pandey, M., Shrestha, R., Joshi, D., Laminchhane, B.R., Griffiths, J., Khatiwada, A. P., Subedi, N., and Amin, R. (compilers) (2011) The Status of Nepal Mammals: The National Red List Series, Department of National Parks and Wildlife Conservation Kathmandu, Nepal.",National
226227,"Rhinolophus sinicus K. Andersen, 1905",Chinese Horseshoe Bat,2011,Nepal,The Status of Nepal's Mammals: The National Red List Series,IUCN,"Least Concern
LC","Jnawali, S.R., Baral, H.S., Lee, S., Acharya, K.P., Upadhyay, G.P., Pandey, M., Shrestha, R., Joshi, D., Laminchhane, B.R., Griffiths, J., Khatiwada, A. P., Subedi, N., and Amin, R. (compilers) (2011) The Status of Nepal Mammals: The National Red List Series, Department of National Parks and Wildlife Conservation Kathmandu, Nepal.",National
226228,"Rhinolophus subbadius Blyth, 1844",Little Nepalese Horseshoe Bat,2011,Nepal,The Status of Nepal's Mammals: The National Red List Series,IUCN,"Data Deficient
DD","Jnawali, S.R., Baral, H.S., Lee, S., Acharya, K.P., Upadhyay, G.P., Pandey, M., Shrestha, R., Joshi, D., Laminchhane, B.R., Griffiths, J., Khatiwada, A. P., Subedi, N., and Amin, R. (compilers) (2011) The Status of Nepal Mammals: The National Red List Series, Department of National Parks and Wildlife Conservation Kathmandu, Nepal.",National
226229,"Rousettus leschenaultii (Desmarest, 1820)",Leschenault's Rousette,2011,Nepal,The Status of Nepal's Mammals: The National Red List Series,IUCN,"Least Concern
LC","Jnawali, S.R., Baral, H.S., Lee, S., Acharya, K.P., Upadhyay, G.P., Pandey, M., Shrestha, R., Joshi, D., Laminchhane, B.R., Griffiths, J., Khatiwada, A. P., Subedi, N., and Amin, R. (compilers) (2011) The Status of Nepal Mammals: The National Red List Series, Department of National Parks and Wildlife Conservation Kathmandu, Nepal.",National
226230,"Rucervus duvaucelii (G. Cuvier, 1823)",Swamp Deer,2011,Nepal,The Status of Nepal's Mammals: The National Red List Series,IUCN,"Endangered
EN","Jnawali, S.R., Baral, H.S., Lee, S., Acharya, K.P., Upadhyay, G.P., Pandey, M., Shrestha, R., Joshi, D., Laminchhane, B.R., Griffiths, J., Khatiwada, A. P., Subedi, N., and Amin, R. (compilers) (2011) The Status of Nepal Mammals: The National Red List Series, Department of National Parks and Wildlife Conservation Kathmandu, Nepal.",National
226231,"Rusa unicolor (Kerr, 1792)",Sambar,2011,Nepal,The Status of Nepal's Mammals: The National Red List Series,IUCN,"Vulnerable
VU","Jnawali, S.R., Baral, H.S., Lee, S., Acharya, K.P., Upadhyay, G.P., Pandey, M., Shrestha, R., Joshi, D., Laminchhane, B.R., Griffiths, J., Khatiwada, A. P., Subedi, N., and Amin, R. (compilers) (2011) The Status of Nepal Mammals: The National Red List Series, Department of National Parks and Wildlife Conservation Kathmandu, Nepal.",National
226232,"Scotomanes ornatus (Blyth, 1851)",Harlequin Bat,2011,Nepal,The Status of Nepal's Mammals: The National Red List Series,IUCN,"Endangered
EN","Jnawali, S.R., Baral, H.S., Lee, S., Acharya, K.P., Upadhyay, G.P., Pandey, M., Shrestha, R., Joshi, D., Laminchhane, B.R., Griffiths, J., Khatiwada, A. P., Subedi, N., and Amin, R. (compilers) (2011) The Status of Nepal Mammals: The National Red List Series, Department of National Parks and Wildlife Conservation Kathmandu, Nepal.",National
226233,"Scotophilus heathii (Horsfield, 1831)",Greater Asiatic Yellow House Bat,2011,Nepal,The Status of Nepal's Mammals: The National Red List Series,IUCN,"Least Concern
LC","Jnawali, S.R., Baral, H.S., Lee, S., Acharya, K.P., Upadhyay, G.P., Pandey, M., Shrestha, R., Joshi, D., Laminchhane, B.R., Griffiths, J., Khatiwada, A. P., Subedi, N., and Amin, R. (compilers) (2011) The Status of Nepal Mammals: The National Red List Series, Department of National Parks and Wildlife Conservation Kathmandu, Nepal.",National
226234,"Scotophilus kuhlii Leach, 1821",Lesser Asiatic Yellow House Bat,2011,Nepal,The Status of Nepal's Mammals: The National Red List Series,IUCN,"Data Deficient
DD","Jnawali, S.R., Baral, H.S., Lee, S., Acharya, K.P., Upadhyay, G.P., Pandey, M., Shrestha, R., Joshi, D., Laminchhane, B.R., Griffiths, J., Khatiwada, A. P., Subedi, N., and Amin, R. (compilers) (2011) The Status of Nepal Mammals: The National Red List Series, Department of National Parks and Wildlife Conservation Kathmandu, Nepal.",National
226235,"Semnopithecus ajax (Pocock, 1928)",Himlayan Grey Langur,2011,Nepal,The Status of Nepal's Mammals: The National Red List Series,IUCN,"Data Deficient
DD","Jnawali, S.R., Baral, H.S., Lee, S., Acharya, K.P., Upadhyay, G.P., Pandey, M., Shrestha, R., Joshi, D., Laminchhane, B.R., Griffiths, J., Khatiwada, A. P., Subedi, N., and Amin, R. (compilers) (2011) The Status of Nepal Mammals: The National Red List Series, Department of National Parks and Wildlife Conservation Kathmandu, Nepal.",National
226236,"Semnopithecus hector (Pocock, 1928)",Tarai Grey Langur,2011,Nepal,The Status of Nepal's Mammals: The National Red List Series,IUCN,"Least Concern
LC","Jnawali, S.R., Baral, H.S., Lee, S., Acharya, K.P., Upadhyay, G.P., Pandey, M., Shrestha, R., Joshi, D., Laminchhane, B.R., Griffiths, J., Khatiwada, A. P., Subedi, N., and Amin, R. (compilers) (2011) The Status of Nepal Mammals: The National Red List Series, Department of National Parks and Wildlife Conservation Kathmandu, Nepal.",National
226237,"Semnopithecus schistaceus Hodgson, 1840",Nepal Grey Langur,2011,Nepal,The Status of Nepal's Mammals: The National Red List Series,IUCN,"Least Concern
LC","Jnawali, S.R., Baral, H.S., Lee, S., Acharya, K.P., Upadhyay, G.P., Pandey, M., Shrestha, R., Joshi, D., Laminchhane, B.R., Griffiths, J., Khatiwada, A. P., Subedi, N., and Amin, R. (compilers) (2011) The Status of Nepal Mammals: The National Red List Series, Department of National Parks and Wildlife Conservation Kathmandu, Nepal.",National
226238,"Sorex bedfordiae Thomas, 1911",Lesser Stripe-backed Shrew,2011,Nepal,The Status of Nepal's Mammals: The National Red List Series,IUCN,"Data Deficient
DD","Jnawali, S.R., Baral, H.S., Lee, S., Acharya, K.P., Upadhyay, G.P., Pandey, M., Shrestha, R., Joshi, D., Laminchhane, B.R., Griffiths, J., Khatiwada, A. P., Subedi, N., and Amin, R. (compilers) (2011) The Status of Nepal Mammals: The National Red List Series, Department of National Parks and Wildlife Conservation Kathmandu, Nepal.",National
226239,"Sorex excelsus G. M. Allen, 1923",Highland Shrew,2011,Nepal,The Status of Nepal's Mammals: The National Red List Series,IUCN,"Data Deficient
DD","Jnawali, S.R., Baral, H.S., Lee, S., Acharya, K.P., Upadhyay, G.P., Pandey, M., Shrestha, R., Joshi, D., Laminchhane, B.R., Griffiths, J., Khatiwada, A. P., Subedi, N., and Amin, R. (compilers) (2011) The Status of Nepal Mammals: The National Red List Series, Department of National Parks and Wildlife Conservation Kathmandu, Nepal.",National
226240,"Sorex minutus Linnaeus, 1766",Eurasian Pygmy Shrew,2011,Nepal,The Status of Nepal's Mammals: The National Red List Series,IUCN,"Data Deficient
DD","Jnawali, S.R., Baral, H.S., Lee, S., Acharya, K.P., Upadhyay, G.P., Pandey, M., Shrestha, R., Joshi, D., Laminchhane, B.R., Griffiths, J., Khatiwada, A. P., Subedi, N., and Amin, R. (compilers) (2011) The Status of Nepal Mammals: The National Red List Series, Department of National Parks and Wildlife Conservation Kathmandu, Nepal.",National
226241,"Soriculus nigrescens (Gray, 1842)",Sikkim Large-clawed Shrew,2011,Nepal,The Status of Nepal's Mammals: The National Red List Series,IUCN,"Least Concern
LC","Jnawali, S.R., Baral, H.S., Lee, S., Acharya, K.P., Upadhyay, G.P., Pandey, M., Shrestha, R., Joshi, D., Laminchhane, B.R., Griffiths, J., Khatiwada, A. P., Subedi, N., and Amin, R. (compilers) (2011) The Status of Nepal Mammals: The National Red List Series, Department of National Parks and Wildlife Conservation Kathmandu, Nepal.",National
226242,"Sphaerias blanfordi (Thomas, 1891)",Blandford's Fruit Bat,2011,Nepal,The Status of Nepal's Mammals: The National Red List Series,IUCN,"Data Deficient
DD","Jnawali, S.R., Baral, H.S., Lee, S., Acharya, K.P., Upadhyay, G.P., Pandey, M., Shrestha, R., Joshi, D., Laminchhane, B.R., Griffiths, J., Khatiwada, A. P., Subedi, N., and Amin, R. (compilers) (2011) The Status of Nepal Mammals: The National Red List Series, Department of National Parks and Wildlife Conservation Kathmandu, Nepal.",National
226243,"Suncus etruscus (Savi, 1822)",Pygmy White-toothed Shrew,2011,Nepal,The Status of Nepal's Mammals: The National Red List Series,IUCN,"Data Deficient
DD","Jnawali, S.R., Baral, H.S., Lee, S., Acharya, K.P., Upadhyay, G.P., Pandey, M., Shrestha, R., Joshi, D., Laminchhane, B.R., Griffiths, J., Khatiwada, A. P., Subedi, N., and Amin, R. (compilers) (2011) The Status of Nepal Mammals: The National Red List Series, Department of National Parks and Wildlife Conservation Kathmandu, Nepal.",National
226244,"Suncus murinus (Linnaeus, 1766)",House Shrew,2011,Nepal,The Status of Nepal's Mammals: The National Red List Series,IUCN,"Least Concern
LC","Jnawali, S.R., Baral, H.S., Lee, S., Acharya, K.P., Upadhyay, G.P., Pandey, M., Shrestha, R., Joshi, D., Laminchhane, B.R., Griffiths, J., Khatiwada, A. P., Subedi, N., and Amin, R. (compilers) (2011) The Status of Nepal Mammals: The National Red List Series, Department of National Parks and Wildlife Conservation Kathmandu, Nepal.",National
226245,"Suncus stoliczkanus (Anderson, 1877)",Anderson's Shrew,2011,Nepal,The Status of Nepal's Mammals: The National Red List Series,IUCN,"Data Deficient
DD","Jnawali, S.R., Baral, H.S., Lee, S., Acharya, K.P., Upadhyay, G.P., Pandey, M., Shrestha, R., Joshi, D., Laminchhane, B.R., Griffiths, J., Khatiwada, A. P., Subedi, N., and Amin, R. (compilers) (2011) The Status of Nepal Mammals: The National Red List Series, Department of National Parks and Wildlife Conservation Kathmandu, Nepal.",National
226246,"Sus scrofa Linnaeus, 1758",Wild Boar,2011,Nepal,The Status of Nepal's Mammals: The National Red List Series,IUCN,"Least Concern
LC","Jnawali, S.R., Baral, H.S., Lee, S., Acharya, K.P., Upadhyay, G.P., Pandey, M., Shrestha, R., Joshi, D., Laminchhane, B.R., Griffiths, J., Khatiwada, A. P., Subedi, N., and Amin, R. (compilers) (2011) The Status of Nepal Mammals: The National Red List Series, Department of National Parks and Wildlife Conservation Kathmandu, Nepal.",National
226247,"Tamiops macclellandii (Horsfield, 1840)",Himalayan Striped Squirrel,2011,Nepal,The Status of Nepal's Mammals: The National Red List Series,IUCN,"Least Concern
LC","Jnawali, S.R., Baral, H.S., Lee, S., Acharya, K.P., Upadhyay, G.P., Pandey, M., Shrestha, R., Joshi, D., Laminchhane, B.R., Griffiths, J., Khatiwada, A. P., Subedi, N., and Amin, R. (compilers) (2011) The Status of Nepal Mammals: The National Red List Series, Department of National Parks and Wildlife Conservation Kathmandu, Nepal.",National
226248,"Taphozous longimanus Hardwicke, 1825",Longed-winged Tomb Bat,2011,Nepal,The Status of Nepal's Mammals: The National Red List Series,IUCN,"Data Deficient
DD","Jnawali, S.R., Baral, H.S., Lee, S., Acharya, K.P., Upadhyay, G.P., Pandey, M., Shrestha, R., Joshi, D., Laminchhane, B.R., Griffiths, J., Khatiwada, A. P., Subedi, N., and Amin, R. (compilers) (2011) The Status of Nepal Mammals: The National Red List Series, Department of National Parks and Wildlife Conservation Kathmandu, Nepal.",National
226249,"Tatera indica (Hardwicke, 1807)",Indian Gerbil,2011,Nepal,The Status of Nepal's Mammals: The National Red List Series,IUCN,"Least Concern
LC","Jnawali, S.R., Baral, H.S., Lee, S., Acharya, K.P., Upadhyay, G.P., Pandey, M., Shrestha, R., Joshi, D., Laminchhane, B.R., Griffiths, J., Khatiwada, A. P., Subedi, N., and Amin, R. (compilers) (2011) The Status of Nepal Mammals: The National Red List Series, Department of National Parks and Wildlife Conservation Kathmandu, Nepal.",National
226250,"Tetracerus quadricornis (Blainville, 1816)",Four-horned Antelope,2011,Nepal,The Status of Nepal's Mammals: The National Red List Series,IUCN,"Data Deficient
DD","Jnawali, S.R., Baral, H.S., Lee, S., Acharya, K.P., Upadhyay, G.P., Pandey, M., Shrestha, R., Joshi, D., Laminchhane, B.R., Griffiths, J., Khatiwada, A. P., Subedi, N., and Amin, R. (compilers) (2011) The Status of Nepal Mammals: The National Red List Series, Department of National Parks and Wildlife Conservation Kathmandu, Nepal.",National
226251,"Tupaia belangeri (Wagner, 1841)",Northern Tree Shrew,2011,Nepal,The Status of Nepal's Mammals: The National Red List Series,IUCN,"Data Deficient
DD","Jnawali, S.R., Baral, H.S., Lee, S., Acharya, K.P., Upadhyay, G.P., Pandey, M., Shrestha, R., Joshi, D., Laminchhane, B.R., Griffiths, J., Khatiwada, A. P., Subedi, N., and Amin, R. (compilers) (2011) The Status of Nepal Mammals: The National Red List Series, Department of National Parks and Wildlife Conservation Kathmandu, Nepal.",National
226252,"Ursus arctos Linnaeus, 1758",Brown Bear,2011,Nepal,The Status of Nepal's Mammals: The National Red List Series,IUCN,"Critically Endangered
CR","Jnawali, S.R., Baral, H.S., Lee, S., Acharya, K.P., Upadhyay, G.P., Pandey, M., Shrestha, R., Joshi, D., Laminchhane, B.R., Griffiths, J., Khatiwada, A. P., Subedi, N., and Amin, R. (compilers) (2011) The Status of Nepal Mammals: The National Red List Series, Department of National Parks and Wildlife Conservation Kathmandu, Nepal.",National
226253,"Ursus thibetanus G.[Baron] Cuvier, 1823",Himalayan Black Bear,2011,Nepal,The Status of Nepal's Mammals: The National Red List Series,IUCN,"Endangered
EN","Jnawali, S.R., Baral, H.S., Lee, S., Acharya, K.P., Upadhyay, G.P., Pandey, M., Shrestha, R., Joshi, D., Laminchhane, B.R., Griffiths, J., Khatiwada, A. P., Subedi, N., and Amin, R. (compilers) (2011) The Status of Nepal Mammals: The National Red List Series, Department of National Parks and Wildlife Conservation Kathmandu, Nepal.",National
226254,"Vandeleuria oleracea (Bennett, 1832)",Asiatic Long-tailed Climbing Mouse,2011,Nepal,The Status of Nepal's Mammals: The National Red List Series,IUCN,"Least Concern
LC","Jnawali, S.R., Baral, H.S., Lee, S., Acharya, K.P., Upadhyay, G.P., Pandey, M., Shrestha, R., Joshi, D., Laminchhane, B.R., Griffiths, J., Khatiwada, A. P., Subedi, N., and Amin, R. (compilers) (2011) The Status of Nepal Mammals: The National Red List Series, Department of National Parks and Wildlife Conservation Kathmandu, Nepal.",National
226255,"Viverra zibetha Linnaeus, 1758",Large Indian Civet,2011,Nepal,The Status of Nepal's Mammals: The National Red List Series,IUCN,"Near Threatened
NT","Jnawali, S.R., Baral, H.S., Lee, S., Acharya, K.P., Upadhyay, G.P., Pandey, M., Shrestha, R., Joshi, D., Laminchhane, B.R., Griffiths, J., Khatiwada, A. P., Subedi, N., and Amin, R. (compilers) (2011) The Status of Nepal Mammals: The National Red List Series, Department of National Parks and Wildlife Conservation Kathmandu, Nepal.",National
226256,"Viverricula indica É. Geoffroy Saint-Hilaire, 1803",Small Indian Civet,2011,Nepal,The Status of Nepal's Mammals: The National Red List Series,IUCN,"Least Concern
LC","Jnawali, S.R., Baral, H.S., Lee, S., Acharya, K.P., Upadhyay, G.P., Pandey, M., Shrestha, R., Joshi, D., Laminchhane, B.R., Griffiths, J., Khatiwada, A. P., Subedi, N., and Amin, R. (compilers) (2011) The Status of Nepal Mammals: The National Red List Series, Department of National Parks and Wildlife Conservation Kathmandu, Nepal.",National
226257,"Vulpes bengalensis (Shaw, 1800)",Bengal Fox,2011,Nepal,The Status of Nepal's Mammals: The National Red List Series,IUCN,"Vulnerable
VU","Jnawali, S.R., Baral, H.S., Lee, S., Acharya, K.P., Upadhyay, G.P., Pandey, M., Shrestha, R., Joshi, D., Laminchhane, B.R., Griffiths, J., Khatiwada, A. P., Subedi, N., and Amin, R. (compilers) (2011) The Status of Nepal Mammals: The National Red List Series, Department of National Parks and Wildlife Conservation Kathmandu, Nepal.",National
226258,"Vulpes ferrilata Hodgson, 1842",Tibetan Fox,2011,Nepal,The Status of Nepal's Mammals: The National Red List Series,IUCN,"Data Deficient
DD","Jnawali, S.R., Baral, H.S., Lee, S., Acharya, K.P., Upadhyay, G.P., Pandey, M., Shrestha, R., Joshi, D., Laminchhane, B.R., Griffiths, J., Khatiwada, A. P., Subedi, N., and Amin, R. (compilers) (2011) The Status of Nepal Mammals: The National Red List Series, Department of National Parks and Wildlife Conservation Kathmandu, Nepal.",National
226259,"Vulpes vulpes (Linnaeus, 1758)",Red Fox,2011,Nepal,The Status of Nepal's Mammals: The National Red List Series,IUCN,"Data Deficient
DD","Jnawali, S.R., Baral, H.S., Lee, S., Acharya, K.P., Upadhyay, G.P., Pandey, M., Shrestha, R., Joshi, D., Laminchhane, B.R., Griffiths, J., Khatiwada, A. P., Subedi, N., and Amin, R. (compilers) (2011) The Status of Nepal Mammals: The National Red List Series, Department of National Parks and Wildlife Conservation Kathmandu, Nepal.",National
